"Longitude","Latitude","Date","State","Temp","CO","NO2","SO2","AtmPres"
-119.7462,36.17,"2014-01-01","California",10.62,0.88,20.07,1.05,979.19
-119.7462,36.17,"2014-01-02","California",11.86,0.82,22.17,1.03,977.99
-119.7462,36.17,"2014-01-03","California",11.24,0.87,24.42,0.99,974.69
-119.7462,36.17,"2014-01-04","California",10.94,0.78,19.95,0.78,974.42
-119.7462,36.17,"2014-01-05","California",11.23,0.69,16.33,0.66,979.46
-119.7462,36.17,"2014-01-06","California",10.96,0.77,20.87,0.9,981.24
-119.7462,36.17,"2014-01-07","California",10.43,0.85,23.84,0.92,978.36
-119.7462,36.17,"2014-01-08","California",9.88,0.64,18.97,0.69,977.82
-119.7462,36.17,"2014-01-09","California",10.05,0.54,16.66,0.59,977.77
-119.7462,36.17,"2014-01-10","California",11.51,0.7,20.5,0.76,979.12
-119.7462,36.17,"2014-01-11","California",11.72,0.65,17.71,0.61,978.87
-119.7462,36.17,"2014-01-12","California",11.04,0.54,13.09,0.59,980.66
-119.7462,36.17,"2014-01-13","California",12.13,0.62,16.61,0.61,986.07
-119.7462,36.17,"2014-01-14","California",13.75,0.69,18.69,0.94,986.38
-119.7462,36.17,"2014-01-15","California",14.74,0.73,20.21,0.94,983.41
-119.7462,36.17,"2014-01-16","California",14.72,0.78,21.8,0.89,980.46
-119.7462,36.17,"2014-01-17","California",14.26,0.79,22.9,0.9,979.22
-119.7462,36.17,"2014-01-18","California",12.98,0.79,21.27,0.88,978.15
-119.7462,36.17,"2014-01-19","California",12.27,0.76,19.81,0.79,978.09
-119.7462,36.17,"2014-01-20","California",11.89,0.82,22.78,0.86,980.18
-119.7462,36.17,"2014-01-21","California",12.4,0.84,24.73,0.83,980.84
-119.7462,36.17,"2014-01-22","California",12.94,0.76,22.65,0.94,975.41
-119.7462,36.17,"2014-01-23","California",11.94,0.66,19.96,0.7,973.64
-119.7462,36.17,"2014-01-24","California",14.03,0.65,20.95,0.68,979.14
-119.7462,36.17,"2014-01-25","California",14.36,0.6,17.7,0.67,979.25
-119.7462,36.17,"2014-01-26","California",12.26,0.58,15.95,0.74,975.81
-119.7462,36.17,"2014-01-27","California",12.39,0.55,17,0.54,975.77
-119.7462,36.17,"2014-01-28","California",13.39,0.59,18.23,0.59,977.58
-119.7462,36.17,"2014-01-29","California",14.64,0.56,17.13,0.52,975.62
-119.7462,36.17,"2014-01-30","California",12.32,0.41,10.61,0.42,970.58
-119.7462,36.17,"2014-01-31","California",10.02,0.34,8.97,0.34,972.63
-119.7462,36.17,"2014-02-01","California",7.99,0.4,10.54,0.35,976.19
-119.7462,36.17,"2014-02-02","California",7.13,0.41,8.67,0.35,974.14
-119.7462,36.17,"2014-02-03","California",7.79,0.4,11.25,0.36,973.01
-119.7462,36.17,"2014-02-04","California",7.73,0.43,13.06,0.45,976.2
-119.7462,36.17,"2014-02-05","California",8.49,0.43,12.92,0.42,977.3
-119.7462,36.17,"2014-02-06","California",8.98,0.41,11.86,0.32,974.25
-119.7462,36.17,"2014-02-07","California",10.38,0.37,9.3,0.33,976.44
-119.7462,36.17,"2014-02-08","California",12.31,0.36,7.32,0.24,979.28
-119.7462,36.17,"2014-02-09","California",13.59,0.35,6.78,0.24,978.3
-119.7462,36.17,"2014-02-10","California",14.23,0.4,10.44,0.31,977.85
-119.7462,36.17,"2014-02-13","California",15.64,0.59,18.5,0.59,976.97
-119.7462,36.17,"2014-02-14","California",15.9,0.57,18.21,0.55,975.88
-119.7462,36.17,"2014-02-15","California",15.33,0.56,15.79,0.62,973.78
-119.7462,36.17,"2014-02-16","California",15.16,0.46,11.18,0.43,975.68
-119.7462,36.17,"2014-02-17","California",13.13,0.46,11.24,0.46,975.92
-119.7462,36.17,"2014-02-18","California",12.78,0.43,12.64,0.47,975.96
-119.7462,36.17,"2014-02-19","California",13.43,0.39,12.05,0.54,975.28
-119.7462,36.17,"2014-02-20","California",13.87,0.48,14.86,0.53,976.79
-119.7462,36.17,"2014-02-21","California",14.11,0.57,16.92,0.67,974.16
-119.7462,36.17,"2014-02-22","California",13.54,0.55,15.41,0.68,971.8
-119.7462,36.17,"2014-02-23","California",13.62,0.51,12,0.65,972.66
-119.7462,36.17,"2014-02-24","California",13.92,0.52,15,0.65,972.92
-119.7462,36.17,"2014-02-25","California",14.06,0.44,11.12,0.6,971.88
-119.7462,36.17,"2014-02-26","California",13.4,0.35,7.78,0.44,971.85
-119.7462,36.17,"2014-02-27","California",14.17,0.33,7.06,0.44,969.21
-119.7462,36.17,"2014-02-28","California",12.54,0.32,5.46,0.41,960.64
-119.7462,36.17,"2014-03-01","California",11.84,0.33,5.32,0.36,965.62
-119.7462,36.17,"2014-03-02","California",11.64,0.35,6.25,0.4,974.85
-119.7462,36.17,"2014-03-03","California",12.45,0.41,10.38,0.44,976.13
-119.7462,36.17,"2014-03-04","California",13.89,0.37,10.15,0.4,974.5
-119.7462,36.17,"2014-03-05","California",15.18,0.45,11.62,0.55,974.95
-119.7462,36.17,"2014-03-06","California",15.94,0.37,8.86,0.49,975.14
-119.7462,36.17,"2014-03-07","California",14.64,0.36,9.47,0.52,976.41
-119.7462,36.17,"2014-03-08","California",16.28,0.44,10.66,0.66,979.13
-119.7462,36.17,"2014-03-09","California",17.57,0.41,10.47,0.62,979.61
-119.7462,36.17,"2014-03-10","California",16.09,0.42,11.23,0.64,977.23
-119.7462,36.17,"2014-03-11","California",14.46,0.39,10.25,0.55,976.27
-119.7462,36.17,"2014-03-12","California",14.61,0.33,8.26,0.52,975.76
-119.7462,36.17,"2014-03-13","California",14.31,0.32,10.7,0.66,974.09
-119.7462,36.17,"2014-03-14","California",14.98,0.35,11.63,0.56,976.89
-119.7462,36.17,"2014-03-15","California",17.22,0.36,11.24,0.66,981.46
-119.7462,36.17,"2014-03-16","California",18.43,0.36,10.3,0.71,981.07
-119.7462,36.17,"2014-03-17","California",15.91,0.33,8.72,0.55,972.38
-119.7462,36.17,"2014-03-18","California",14.12,0.3,9.34,0.59,971.07
-119.7462,36.17,"2014-03-19","California",14.77,0.35,13.08,0.66,975.05
-119.7462,36.17,"2014-03-20","California",15.05,0.35,12.72,0.62,973.53
-119.7462,36.17,"2014-03-21","California",14.61,0.29,8.47,0.41,971.82
-119.7462,36.17,"2014-03-22","California",14.27,0.28,6.55,0.45,974.72
-119.7462,36.17,"2014-03-23","California",14.66,0.3,7.38,0.49,976.57
-119.7462,36.17,"2014-03-24","California",15.74,0.31,9.97,0.56,975.88
-119.7462,36.17,"2014-03-25","California",14.74,0.29,8.06,0.5,971.1
-119.7462,36.17,"2014-03-26","California",12.57,0.27,4.87,0.42,969.81
-119.7462,36.17,"2014-03-27","California",12.35,0.28,6.87,0.39,974.39
-119.7462,36.17,"2014-03-28","California",13.93,0.29,9.26,0.42,977.77
-119.7462,36.17,"2014-03-29","California",15.13,0.32,8.34,0.5,974.82
-119.7462,36.17,"2014-03-30","California",13.12,0.26,4,0.41,974.5
-119.7462,36.17,"2014-03-31","California",11.18,0.29,7.32,0.44,972.09
-119.7462,36.17,"2014-04-01","California",9.89,0.27,5.67,0.39,970.63
-119.7462,36.17,"2014-04-02","California",9.83,0.28,6.64,0.42,972.59
-119.7462,36.17,"2014-04-03","California",11.49,0.32,9.27,0.44,976.15
-119.7462,36.17,"2014-04-04","California",11.96,0.29,8.33,0.39,973.21
-119.7462,36.17,"2014-04-05","California",12.93,0.29,6.63,0.38,975.16
-119.7462,36.17,"2014-04-06","California",16.3,0.31,8.29,0.51,978.18
-119.7462,36.17,"2014-04-07","California",19.31,0.37,13.02,0.62,978.09
-119.7462,36.17,"2014-04-08","California",20.27,0.38,14.42,0.81,976.9
-119.7462,36.17,"2014-04-09","California",19.71,0.35,13.71,0.73,974.52
-119.7462,36.17,"2014-04-10","California",19.12,0.36,14.12,0.8,972.76
-119.7462,36.17,"2014-04-11","California",18.84,0.32,10.39,0.62,970.08
-119.7462,36.17,"2014-04-12","California",16.05,0.26,3.97,0.5,969.45
-119.7462,36.17,"2014-04-13","California",16.08,0.26,3.92,0.47,972.75
-119.7462,36.17,"2014-04-14","California",17.74,0.29,9.52,0.5,975.72
-119.7462,36.17,"2014-04-15","California",18.08,0.3,9.87,0.56,971.83
-119.7462,36.17,"2014-04-16","California",17.94,0.28,8.29,0.72,968.92
-119.7462,36.17,"2014-04-17","California",17.72,0.29,7.84,0.54,969.07
-119.7462,36.17,"2014-04-18","California",17.24,0.28,5.78,0.48,970
-119.7462,36.17,"2014-04-19","California",17.29,0.28,5.78,0.49,974.2
-119.7462,36.17,"2014-04-20","California",18.37,0.29,6.01,0.61,976.62
-119.7462,36.17,"2014-04-21","California",18.88,0.3,8.84,0.65,974.02
-119.7462,36.17,"2014-04-22","California",15.42,0.27,4.78,0.44,972.49
-119.7462,36.17,"2014-04-23","California",14.93,0.27,6.8,0.48,973.97
-119.7462,36.17,"2014-04-24","California",16.78,0.29,8.23,0.52,973.19
-119.7462,36.17,"2014-04-25","California",13.81,0.27,5.49,0.36,968.88
-119.7462,36.17,"2014-04-26","California",11.8,0.26,3.54,0.38,970.48
-119.7462,36.17,"2014-04-27","California",13.81,0.26,4.29,0.38,974.32
-119.7462,36.17,"2014-04-28","California",16.89,0.29,8.08,0.52,976.28
-119.7462,36.17,"2014-04-29","California",20.97,0.32,9.96,0.7,978.06
-119.7462,36.17,"2014-04-30","California",22.3,0.34,11.34,0.75,976.09
-119.7462,36.17,"2014-05-01","California",23.16,0.32,11.58,0.78,975.65
-119.7462,36.17,"2014-05-02","California",23.29,0.33,12.78,0.75,974.34
-119.7462,36.17,"2014-05-03","California",21.02,0.3,7.79,0.62,971.68
-119.7462,36.17,"2014-05-04","California",18.99,0.27,5.03,0.55,972.27
-119.7462,36.17,"2014-05-05","California",16.46,0.26,4.84,0.46,971.53
-119.7462,36.17,"2014-05-06","California",13.42,0.26,4.58,0.46,969.41
-119.7462,36.17,"2014-05-07","California",14.36,0.26,5.17,0.42,971.29
-119.7462,36.17,"2014-05-08","California",15.94,0.27,5.92,0.52,974.45
-119.7462,36.17,"2014-05-09","California",17.43,0.27,5.98,0.46,974.96
-119.7462,36.17,"2014-05-10","California",16.24,0.26,4.07,0.52,971.63
-119.7462,36.17,"2014-05-11","California",16.94,0.27,4.59,0.57,973.31
-119.7462,36.17,"2014-05-12","California",20.66,0.31,9.86,0.87,976.01
-119.7462,36.17,"2014-05-13","California",23.17,0.32,10.89,0.88,977.68
-119.7462,36.17,"2014-05-14","California",24.91,0.32,11.66,0.94,976.89
-119.7462,36.17,"2014-05-15","California",26.02,0.34,12.64,0.82,975.84
-119.7462,36.17,"2014-05-16","California",24.59,0.33,10.5,0.69,973.53
-119.7462,36.17,"2014-05-17","California",21.84,0.29,5.98,0.58,971.28
-119.7462,36.17,"2014-05-18","California",19.39,0.26,3.35,0.52,970.52
-119.7462,36.17,"2014-05-19","California",17.38,0.26,3.95,0.42,971.07
-119.7462,36.17,"2014-05-20","California",14.72,0.26,3.81,0.46,972.23
-119.7462,36.17,"2014-05-21","California",16.01,0.26,5.23,0.48,972.24
-119.7462,36.17,"2014-05-22","California",16.31,0.27,6.13,0.39,971.95
-119.7462,36.17,"2014-05-23","California",18.94,0.27,6,0.35,971.71
-119.7462,36.17,"2014-05-24","California",20.1,0.27,4.52,0.39,970.87
-119.7462,36.17,"2014-05-25","California",22.07,0.27,4.33,0.43,970.38
-119.7462,36.17,"2014-05-26","California",23.06,0.27,4.79,0.54,971.1
-119.7462,36.17,"2014-05-27","California",22.59,0.27,6.59,0.52,971.3
-119.7462,36.17,"2014-05-28","California",20.99,0.27,6.25,0.51,969.92
-119.7462,36.17,"2014-05-29","California",20.69,0.28,7.35,0.52,970.23
-119.7462,36.17,"2014-05-30","California",21.11,0.29,8.14,0.46,969.27
-119.7462,36.17,"2014-05-31","California",20.84,0.29,6.51,0.48,969.66
-119.7462,36.17,"2014-06-01","California",21.61,0.28,5.86,0.61,968.61
-119.7462,36.17,"2014-06-02","California",20.7,0.28,6.64,0.39,967.94
-119.7462,36.17,"2014-06-03","California",20.95,0.29,7.72,0.52,968.18
-119.7462,36.17,"2014-06-04","California",22.07,0.29,8.19,0.53,967.25
-119.7462,36.17,"2014-06-05","California",22.78,0.29,8,0.46,966.24
-119.7462,36.17,"2014-06-06","California",22.27,0.28,6.36,0.47,965.63
-119.7462,36.17,"2014-06-07","California",22.63,0.28,5.18,0.57,965.66
-119.7462,36.17,"2014-06-08","California",23.93,0.28,6,0.7,965.92
-119.7462,36.17,"2014-06-09","California",24.54,0.3,8.32,0.65,965.49
-119.7462,36.17,"2014-06-10","California",23.43,0.28,5.89,0.56,965.53
-119.7462,36.17,"2014-06-11","California",22.33,0.27,5.19,0.44,968.1
-119.7462,36.17,"2014-06-12","California",21.62,0.27,5.43,0.41,969.93
-119.7462,36.17,"2014-06-13","California",21.01,0.27,6.02,0.49,970.9
-119.7462,36.17,"2014-06-14","California",21.06,0.27,5.23,0.46,969.72
-119.7462,36.17,"2014-06-15","California",20.37,0.26,3.44,0.45,967.73
-119.7462,36.17,"2014-06-16","California",19.49,0.26,4.19,0.43,969.25
-119.7462,36.17,"2014-06-17","California",18.58,0.27,5.74,0.52,970.35
-119.7462,36.17,"2014-06-18","California",19.78,0.29,6.75,0.53,971.51
-119.7462,36.17,"2014-06-19","California",22.64,0.3,7.77,0.52,972.25
-119.7462,36.17,"2014-06-20","California",23.74,0.29,8.32,0.65,971.37
-119.7462,36.17,"2014-06-21","California",23.22,0.27,5.58,0.5,969.76
-119.7462,36.17,"2014-06-22","California",22.29,0.26,3.78,0.43,970.2
-119.7462,36.17,"2014-06-23","California",21.86,0.27,5.55,0.48,970.92
-119.7462,36.17,"2014-06-24","California",23.12,0.27,5.94,0.51,971.41
-119.7462,36.17,"2014-06-25","California",22.78,0.26,5.27,0.48,970.5
-119.7462,36.17,"2014-06-26","California",21.83,0.26,4.75,0.47,970.46
-119.7462,36.17,"2014-06-27","California",22.37,0.26,4.46,0.39,970.07
-119.7462,36.17,"2014-06-28","California",22.84,0.26,4.3,0.42,969.88
-119.7462,36.17,"2014-06-29","California",24.69,0.27,4.86,0.57,970.15
-119.7462,36.17,"2014-06-30","California",25.54,0.28,7.03,0.66,968.94
-119.7462,36.17,"2014-07-01","California",24.97,0.27,6.58,0.51,964.06
-119.7462,36.17,"2014-07-02","California",24.54,0.27,6.68,0.46,967.19
-119.7462,36.17,"2014-07-03","California",25.07,0.28,7.22,0.46,966.29
-119.7462,36.17,"2014-07-04","California",25.33,0.28,5.54,0.58,968.61
-119.7462,36.17,"2014-07-05","California",25.68,0.27,5.28,0.51,971.34
-119.7462,36.17,"2014-07-06","California",26.07,0.27,5.1,0.87,969.89
-119.7462,36.17,"2014-07-07","California",25.77,0.27,7.63,0.69,968.57
-119.7462,36.17,"2014-07-08","California",25.39,0.27,6.78,0.51,971.07
-119.7462,36.17,"2014-07-09","California",24.62,0.26,5.89,0.64,967.01
-119.7462,36.17,"2014-07-10","California",23.58,0.26,5.33,0.55,967.21
-119.7462,36.17,"2014-07-11","California",23.07,0.25,5.16,0.49,968.82
-119.7462,36.17,"2014-07-12","California",23.98,0.25,4.89,0.37,970.2
-119.7462,36.17,"2014-07-13","California",26.04,0.26,5.14,0.53,968.06
-119.7462,36.17,"2014-07-14","California",25.74,0.27,7.6,0.6,967.87
-119.7462,36.17,"2014-07-15","California",25.01,0.26,5.73,0.56,971.44
-119.7462,36.17,"2014-07-16","California",23.87,0.25,4.82,0.47,973.46
-119.7462,36.17,"2014-07-17","California",22.91,0.25,4.55,0.45,973.29
-119.7462,36.17,"2014-07-18","California",23.03,0.25,5.16,0.4,973.05
-119.7462,36.17,"2014-07-19","California",23.44,0.25,5.27,0.46,972.39
-119.7462,36.17,"2014-07-20","California",23.43,0.25,3.99,0.43,972.59
-119.7462,36.17,"2014-07-21","California",23.43,0.25,5.12,0.44,974.54
-119.7462,36.17,"2014-07-22","California",24.29,0.26,6.28,0.5,975.33
-119.7462,36.17,"2014-07-23","California",25.13,0.27,7.02,0.49,976.66
-119.7462,36.17,"2014-07-24","California",26.47,0.28,8.78,0.64,968.64
-119.7462,36.17,"2014-07-25","California",26.26,0.27,8.09,0.64,968.08
-119.7462,36.17,"2014-07-26","California",26.29,0.27,6.61,0.59,969.43
-119.7462,36.17,"2014-07-27","California",26.32,0.26,5.59,0.53,970.29
-119.7462,36.17,"2014-07-28","California",25.71,0.26,7.32,0.51,971.81
-119.7462,36.17,"2014-07-29","California",26.43,0.27,8.86,0.56,970.27
-119.7462,36.17,"2014-07-30","California",26.52,0.28,8.94,0.7,968.5
-119.7462,36.17,"2014-07-31","California",26.57,0.27,8.55,0.61,966.91
-119.7462,36.17,"2014-08-01","California",26.74,0.27,8.21,0.57,967.28
-119.7462,36.17,"2014-08-02","California",25.13,0.27,6.96,0.39,967.9
-119.7462,36.17,"2014-08-03","California",22.26,0.27,5.6,0.35,968.68
-119.7462,36.17,"2014-08-04","California",22.69,0.26,6.88,0.42,968.68
-119.7462,36.17,"2014-08-05","California",22.96,0.26,8.02,0.47,973.32
-119.7462,36.17,"2014-08-06","California",22.96,0.27,7.25,0.49,973.23
-119.7462,36.17,"2014-08-07","California",23.43,0.26,6.67,0.39,972.33
-119.7462,36.17,"2014-08-08","California",23.99,0.27,6.83,0.39,971.4
-119.7462,36.17,"2014-08-09","California",24.02,0.27,5,0.32,972.18
-119.7462,36.17,"2014-08-10","California",24.13,0.26,4.86,0.35,972.82
-119.7462,36.17,"2014-08-11","California",24.34,0.27,7.33,0.46,972.47
-119.7462,36.17,"2014-08-12","California",24.05,0.26,6.56,0.46,972.4
-119.7462,36.17,"2014-08-13","California",23.49,0.25,6.1,0.37,970.25
-119.7462,36.17,"2014-08-14","California",23.95,0.26,7.11,0.36,966.37
-119.7462,36.17,"2014-09-02","California",23.92,0.28,7.06,0.48,968.02
-119.7462,36.17,"2014-09-03","California",22.93,0.27,6.73,0.52,966.24
-119.7462,36.17,"2014-09-04","California",22.98,0.27,7.26,0.51,961.59
-119.7462,36.17,"2014-09-05","California",22.58,0.28,8.5,0.46,965.41
-119.7462,36.17,"2014-09-06","California",23.49,0.3,7.69,0.52,966.47
-119.7462,36.17,"2014-09-07","California",24.44,0.3,6.5,0.49,965.25
-119.7462,36.17,"2014-09-08","California",23.09,0.28,8.13,0.48,965.97
-119.7462,36.17,"2014-09-09","California",22.37,0.29,9.07,0.51,968.02
-119.7462,36.17,"2014-09-10","California",22.81,0.33,12.16,0.79,969.99
-119.7462,36.17,"2014-09-11","California",24.22,0.33,12.18,0.91,966.5
-119.7462,36.17,"2014-09-12","California",25.19,0.33,12.12,0.77,965.55
-119.7462,36.17,"2014-09-13","California",25.96,0.33,9.98,0.65,964.59
-119.7462,36.17,"2014-09-14","California",26.06,0.32,8.08,0.61,964.44
-119.7462,36.17,"2014-09-15","California",26.83,0.33,9.81,0.63,965.42
-119.7462,36.17,"2014-09-16","California",25.65,0.31,10.52,0.56,964.61
-119.7462,36.17,"2014-09-17","California",25.4,0.3,8.32,0.53,963.43
-119.7462,36.17,"2014-09-18","California",22.81,0.26,5.68,0.43,965.29
-119.7462,36.17,"2014-09-19","California",22.06,0.27,6.49,0.44,966.47
-119.7462,36.17,"2014-09-20","California",21.94,0.27,5.75,0.43,967.63
-119.7462,36.17,"2014-09-21","California",20.88,0.26,4.58,0.39,969.28
-119.7462,36.17,"2014-09-22","California",21.53,0.29,8.64,0.51,968.64
-119.7462,36.17,"2014-09-23","California",22.29,0.31,10.06,0.49,968.05
-119.7462,36.17,"2014-09-24","California",22.84,0.31,9.87,0.46,969.62
-119.7462,36.17,"2014-09-25","California",22.04,0.29,8.74,0.37,972.21
-119.7462,36.17,"2014-09-26","California",20.45,0.28,7.39,0.3,966.89
-119.7462,36.17,"2014-09-27","California",17.87,0.26,5.6,0.25,965.91
-119.7462,36.17,"2014-09-28","California",17.54,0.26,5.13,0.28,966.93
-119.7462,36.17,"2014-09-29","California",18.68,0.28,8.9,0.31,968.85
-119.7462,36.17,"2014-09-30","California",20.11,0.32,11.36,0.47,968.45
-119.7462,36.17,"2014-10-01","California",20.52,0.32,11.49,0.42,951.82
-119.7462,36.17,"2014-10-02","California",22.57,0.38,15.16,0.52,976.95
-119.7462,36.17,"2014-10-03","California",23.66,0.45,18.87,0.69,978.39
-119.7462,36.17,"2014-10-04","California",24.25,0.45,16.29,0.8,976.18
-119.7462,36.17,"2014-10-05","California",23.95,0.41,13.31,0.81,974.56
-119.7462,36.17,"2014-10-06","California",23.31,0.42,16.72,0.76,973.55
-119.7462,36.17,"2014-10-07","California",22.51,0.41,16.22,0.64,972.5
-119.7462,36.17,"2014-10-08","California",21.59,0.36,13.31,0.59,971.87
-119.7462,36.17,"2014-10-09","California",20.78,0.28,9.09,0.4,973.44
-119.7462,36.17,"2014-10-10","California",20.01,0.29,10.14,0.36,975.29
-119.7462,36.17,"2014-10-11","California",20.43,0.32,10.47,0.41,975.53
-119.7462,36.17,"2014-10-12","California",20.87,0.34,9.17,0.45,974.35
-119.7462,36.17,"2014-10-13","California",20.82,0.36,12.49,0.64,975.72
-119.7462,36.17,"2014-10-14","California",19.58,0.32,8.57,0.31,973.62
-119.7462,36.17,"2014-10-15","California",18.79,0.3,7.77,0.35,975.17
-119.7462,36.17,"2014-10-16","California",17.63,0.34,9.99,0.43,975.51
-119.7462,36.17,"2014-10-17","California",17.62,0.35,10.62,0.44,974.63
-119.7462,36.17,"2014-10-18","California",18.37,0.35,9.58,0.5,973.91
-119.7462,36.17,"2014-10-19","California",18.83,0.35,8.3,0.4,972.8
-119.7462,36.17,"2014-10-20","California",18.68,0.33,9.08,0.37,973.74
-119.7462,36.17,"2014-10-21","California",17.68,0.34,10,0.4,975.24
-119.7462,36.17,"2014-10-22","California",18.25,0.44,14.89,0.54,976.28
-119.7462,36.17,"2014-10-23","California",19.23,0.49,17.38,0.55,976.46
-119.7462,36.17,"2014-10-24","California",19.72,0.48,16.03,0.58,975.47
-119.7462,36.17,"2014-10-25","California",18.71,0.37,8.85,0.34,976.82
-119.7462,36.17,"2014-10-26","California",16.42,0.32,6.03,0.27,976.95
-119.7462,36.17,"2014-10-27","California",15.6,0.37,11.17,0.4,975.89
-119.7462,36.17,"2014-10-28","California",16.56,0.44,15.23,0.59,977.22
-119.7462,36.17,"2014-10-29","California",18.25,0.51,18.01,0.67,977.58
-119.7462,36.17,"2014-10-30","California",18.03,0.49,15.98,0.72,973.77
-119.7462,36.17,"2014-10-31","California",16.24,0.35,9.37,0.29,970.63
-119.7462,36.17,"2014-11-01","California",12.89,0.31,6.18,0.18,972.32
-119.7462,36.17,"2014-11-02","California",12.1,0.37,8.32,0.27,977.62
-119.7462,36.17,"2014-11-03","California",12.69,0.44,13.04,0.4,980.85
-119.7462,36.17,"2014-11-04","California",14.45,0.47,15.41,0.63,982.43
-119.7462,36.17,"2014-11-05","California",17.23,0.5,18.21,0.74,980.95
-119.7462,36.17,"2014-11-06","California",18.09,0.48,18.91,0.89,981.5
-119.7462,36.17,"2014-11-07","California",17.55,0.5,18.99,0.66,980.09
-119.7462,36.17,"2014-11-08","California",17.86,0.53,17.68,0.67,978.23
-119.7462,36.17,"2014-11-09","California",16.85,0.48,13.46,0.65,973.37
-119.7462,36.17,"2014-11-10","California",15.74,0.38,11.82,0.42,970.17
-119.7462,36.17,"2014-11-11","California",14.77,0.3,8.61,0.29,972.42
-119.7462,36.17,"2014-11-12","California",14.52,0.3,10.08,0.33,974.68
-119.7462,36.17,"2014-11-13","California",14.72,0.33,11.22,0.25,976.06
-119.7462,36.17,"2014-11-14","California",14.8,0.34,10.53,0.26,976.44
-119.7462,36.17,"2014-11-15","California",13.69,0.36,9.48,0.31,977.74
-119.7462,36.17,"2014-11-16","California",12.57,0.34,8.07,0.41,982.21
-119.7462,36.17,"2014-11-17","California",12.16,0.41,13.81,0.6,981.82
-119.7462,36.17,"2014-11-18","California",12.89,0.49,17.65,0.89,980.45
-119.7462,36.17,"2014-11-19","California",13.32,0.47,16.69,0.44,978.74
-119.7462,36.17,"2014-11-20","California",12.47,0.4,13.32,0.41,977.1
-119.7462,36.17,"2014-11-21","California",12.8,0.34,10.94,0.47,976.55
-119.7462,36.17,"2014-11-22","California",13.38,0.37,10.19,0.34,978.45
-119.7462,36.17,"2014-11-23","California",13.27,0.39,9.34,0.32,982.31
-119.7462,36.17,"2014-11-24","California",12.38,0.49,13.77,0.64,985.82
-119.7462,36.17,"2014-11-25","California",12.83,0.52,17.2,0.59,988.28
-119.7462,36.17,"2014-11-26","California",14.43,0.66,20.08,0.68,984.34
-119.7462,36.17,"2014-11-27","California",15.06,0.57,15.37,0.66,979.67
-119.7462,36.17,"2014-11-28","California",14.03,0.56,16.05,0.59,974.1
-119.7462,36.17,"2014-11-29","California",13.89,0.43,12.18,0.58,970.52
-119.7462,36.17,"2014-11-30","California",13.6,0.3,7.45,0.3,973.33
-119.7462,36.17,"2014-12-01","California",13.67,0.42,12.58,0.34,978.38
-119.7462,36.17,"2014-12-02","California",12.72,0.36,10.75,0.35,970.91
-119.7462,36.17,"2014-12-03","California",14.79,0.29,8.65,0.31,969.36
-119.7462,36.17,"2014-12-04","California",14.29,0.34,10.2,0.35,972.47
-119.7462,36.17,"2014-12-05","California",13.66,0.43,12.06,0.44,975.75
-119.7462,36.17,"2014-12-06","California",14.16,0.44,10.76,0.41,979.16
-119.7462,36.17,"2014-12-07","California",13.52,0.44,10.75,0.38,979
-119.7462,36.17,"2014-12-08","California",13.54,0.47,14.22,0.57,977.44
-119.7462,36.17,"2014-12-09","California",13.16,0.5,15.45,0.59,976.71
-119.7462,36.17,"2014-12-10","California",12.76,0.48,15.15,0.54,972.51
-119.7462,36.17,"2014-12-11","California",13.94,0.36,10.42,0.46,967.07
-119.7462,36.17,"2014-12-12","California",10.81,0.32,9.71,0.37,971.4
-119.7462,36.17,"2014-12-13","California",9.44,0.39,9.77,0.42,979.26
-119.7462,36.17,"2014-12-14","California",8.73,0.42,10.02,0.41,978.22
-119.7462,36.17,"2014-12-15","California",9.74,0.44,12.64,0.43,975.01
-119.7462,36.17,"2014-12-16","California",10.38,0.37,12.59,0.34,974.1
-119.7462,36.17,"2014-12-17","California",10.06,0.34,11.03,0.22,976.54
-119.7462,36.17,"2014-12-18","California",10.03,0.42,12.65,0.25,980.4
-119.7462,36.17,"2014-12-19","California",10.24,0.45,12.9,0.25,981.45
-119.7462,36.17,"2014-12-20","California",11.13,0.47,12.08,0.3,980.92
-119.7462,36.17,"2014-12-21","California",12.68,0.44,9.59,0.21,981.57
-119.7462,36.17,"2014-12-22","California",14.45,0.54,13.07,0.4,980.07
-119.7462,36.17,"2014-12-23","California",14.91,0.57,13.73,0.55,980.54
-119.7462,36.17,"2014-12-24","California",12.13,0.43,11.94,0.42,975.64
-119.7462,36.17,"2014-12-25","California",8.83,0.3,5.16,0.19,973.41
-119.7462,36.17,"2014-12-26","California",6.86,0.36,9.33,0.28,979.3
-119.7462,36.17,"2014-12-27","California",6.33,0.44,11.79,0.43,984.33
-119.7462,36.17,"2014-12-28","California",6.35,0.51,13.36,0.51,979.54
-119.7462,36.17,"2014-12-29","California",6.57,0.53,15.17,0.43,975.32
-119.7462,36.17,"2014-12-30","California",5.77,0.39,9.49,0.29,972.48
-119.7462,36.17,"2014-12-31","California",4.25,0.38,9.67,0.36,972.46
-119.7462,36.17,"2014-02-11","California",13.32,0.52,14.64,0.47,977.45
-119.7462,36.17,"2014-02-12","California",14.28,0.59,17.49,0.55,978.11
-119.7462,36.17,"2014-08-15","California",24.68,0.28,8.21,0.44,968.93
-119.7462,36.17,"2014-08-16","California",25.35,0.28,7.04,0.44,974
-119.7462,36.17,"2014-08-17","California",25.59,0.27,5.68,0.42,971.83
-119.7462,36.17,"2014-08-18","California",24.47,0.28,6.89,0.38,968.7
-119.7462,36.17,"2014-08-19","California",22.57,0.26,4.79,0.37,968.34
-119.7462,36.17,"2014-08-20","California",22.07,0.27,5.48,0.34,970.48
-119.7462,36.17,"2014-08-21","California",22.96,0.27,7.11,0.39,972.28
-119.7462,36.17,"2014-08-22","California",23.27,0.27,6.85,0.35,971.88
-119.7462,36.17,"2014-08-23","California",22.21,0.26,5.14,0.35,971.17
-119.7462,36.17,"2014-08-24","California",22.02,0.26,4.2,0.43,969.61
-119.7462,36.17,"2014-08-25","California",22.14,0.26,6.4,0.44,970.2
-119.7462,36.17,"2014-08-26","California",22.89,0.28,8.1,0.5,973.35
-119.7462,36.17,"2014-08-27","California",25.01,0.3,9.77,0.61,975.27
-119.7462,36.17,"2014-08-28","California",25.45,0.3,9.91,0.52,973.69
-119.7462,36.17,"2014-08-29","California",25.37,0.29,9.45,0.45,970.47
-119.7462,36.17,"2014-08-30","California",25.56,0.29,7.5,0.54,969.27
-119.7462,36.17,"2014-08-31","California",24.62,0.27,5.08,0.42,969.34
-119.7462,36.17,"2014-09-01","California",24.31,0.28,5.86,0.74,968.75
-74.9384,42.1497,"2014-01-01","New York",-6.35,0.31,15.09,1.75,1005.52
-74.9384,42.1497,"2014-01-02","New York",-9.18,0.33,12.76,1.16,996.4
-74.9384,42.1497,"2014-01-03","New York",-14.18,0.31,12.9,1.43,1001.99
-74.9384,42.1497,"2014-01-04","New York",-8.97,0.39,26.06,3.1,1006.89
-74.9384,42.1497,"2014-01-05","New York",-2.13,0.52,30.68,2.99,1000.2
-74.9384,42.1497,"2014-01-06","New York",1.63,0.38,13.64,1.54,981.78
-74.9384,42.1497,"2014-01-07","New York",-15.04,0.3,11.95,2.06,998.8
-74.9384,42.1497,"2014-01-08","New York",-10.65,0.36,21.57,3.54,1010.89
-74.9384,42.1497,"2014-01-09","New York",-6.01,0.4,27.86,3.25,1015.66
-74.9384,42.1497,"2014-01-10","New York",-1.33,0.53,32.71,2.55,1008.7
-74.9384,42.1497,"2014-01-11","New York",8.24,0.34,23.71,1.19,985.15
-74.9384,42.1497,"2014-01-12","New York",3.79,0.23,11.08,1.23,989.05
-74.9384,42.1497,"2014-01-13","New York",4.39,0.39,19.36,1.76,995.34
-74.9384,42.1497,"2014-01-14","New York",5.13,0.42,24.49,1.2,989.41
-74.9384,42.1497,"2014-01-15","New York",1.96,0.45,21.07,1.6,994.27
-74.9384,42.1497,"2014-01-16","New York",0.31,0.35,17.99,1.21,994.07
-74.9384,42.1497,"2014-01-17","New York",0.13,0.43,22.29,1.87,993.58
-74.9384,42.1497,"2014-01-18","New York",-1.74,0.42,16.67,1.46,990.25
-74.9384,42.1497,"2014-01-19","New York",-2.99,0.31,13.6,2.17,986.24
-74.9384,42.1497,"2014-01-20","New York",-1.17,0.33,18.15,1.95,986.63
-74.9384,42.1497,"2014-01-21","New York",-11.92,0.3,15.43,1.05,997.08
-74.9384,42.1497,"2014-01-22","New York",-14.87,0.35,16.01,1.77,994.69
-74.9384,42.1497,"2014-01-23","New York",-13.08,0.34,19.7,2.28,1001.48
-74.9384,42.1497,"2014-01-24","New York",-11.57,0.32,17.65,2.68,1003.48
-74.9384,42.1497,"2014-01-25","New York",-6.63,0.33,18.95,2.65,982.24
-74.9384,42.1497,"2014-01-26","New York",-8.99,0.32,16.75,2.03,987.54
-74.9384,42.1497,"2014-01-27","New York",-4.38,0.4,24.7,2.18,988.8
-74.9384,42.1497,"2014-01-28","New York",-12.13,0.33,15.95,2.13,1005.08
-74.9384,42.1497,"2014-01-29","New York",-11.17,0.38,19.11,2.98,1001.43
-74.9384,42.1497,"2014-01-30","New York",-6.72,0.42,24.28,3.59,1005.58
-74.9384,42.1497,"2014-01-31","New York",-0.93,0.46,26.55,4.14,1000.21
-74.9384,42.1497,"2014-02-01","New York",1.16,0.63,28.86,3.57,1002.44
-74.9384,42.1497,"2014-02-02","New York",2.92,0.6,30.38,2.33,996.85
-74.9384,42.1497,"2014-02-03","New York",-2.66,0.42,21,1.39,1004
-74.9384,42.1497,"2014-02-04","New York",-4.45,0.47,26.82,1.54,1007.53
-74.9384,42.1497,"2014-02-05","New York",-4.01,0.41,21.1,1.18,992.48
-74.9384,42.1497,"2014-02-06","New York",-8.01,0.39,19.79,1.49,1002.12
-74.9384,42.1497,"2014-02-07","New York",-6.72,0.35,21.23,2.53,1002.49
-74.9384,42.1497,"2014-02-08","New York",-7.71,0.36,22.43,2.53,1002.74
-74.9384,42.1497,"2014-02-09","New York",-6.81,0.39,23.06,2.16,997.27
-74.9384,42.1497,"2014-02-10","New York",-7.08,0.32,18.11,2.52,998.99
-74.9384,42.1497,"2014-02-11","New York",-10.24,0.25,17.67,1.54,1006.67
-74.9384,42.1497,"2014-02-12","New York",-10.61,0.26,20.9,1.59,1008.61
-74.9384,42.1497,"2014-02-13","New York",-4.09,0.26,20.87,1.18,985.56
-74.9384,42.1497,"2014-02-14","New York",-1.38,0.26,18.54,2.38,974.03
-74.9384,42.1497,"2014-02-15","New York",-2.66,0.33,24.27,2.46,984.68
-74.9384,42.1497,"2014-02-16","New York",-7.51,0.23,10.23,1.59,991.11
-74.9384,42.1497,"2014-02-17","New York",-8.54,0.27,19.2,1.37,1002.37
-74.9384,42.1497,"2014-02-18","New York",-2.69,0.29,30.54,2.01,993.57
-74.9384,42.1497,"2014-02-19","New York",0.54,0.46,36.23,2.22,987.74
-74.9384,42.1497,"2014-02-20","New York",2.97,0.3,27.56,1.37,996.17
-74.9384,42.1497,"2014-02-21","New York",3.28,0.29,23.64,0.84,986.05
-74.9384,42.1497,"2014-02-22","New York",4.28,0.29,24.53,1.62,981.54
-74.9384,42.1497,"2014-02-23","New York",3.84,0.27,20.71,1.56,980.85
-74.9384,42.1497,"2014-02-24","New York",-2.98,0.23,10.46,1.02,980.57
-74.9384,42.1497,"2014-02-25","New York",-6.68,0.26,15.5,1.5,982.58
-74.9384,42.1497,"2014-02-26","New York",-8.87,0.27,15.67,1.45,978.74
-74.9384,42.1497,"2014-02-27","New York",-9.78,0.25,20.43,1.81,974.63
-74.9384,42.1497,"2014-02-28","New York",-12.28,0.25,17.23,1.53,1002.46
-74.9384,42.1497,"2014-03-01","New York",-4.68,0.3,28.49,3.13,999.99
-74.9384,42.1497,"2014-03-02","New York",-3.82,0.26,21.5,2.24,996.05
-74.9384,42.1497,"2014-03-03","New York",-10.63,0.25,15.36,1.85,1000.21
-74.9384,42.1497,"2014-03-04","New York",-9.56,0.28,25.46,2.21,1003.08
-74.9384,42.1497,"2014-03-05","New York",-5.82,0.3,28.02,2.13,1003.42
-74.9384,42.1497,"2014-03-06","New York",-8.5,0.27,18.74,1.33,1010.17
-74.9384,42.1497,"2014-03-07","New York",-2.65,0.34,25.87,1.76,998.32
-74.9384,42.1497,"2014-03-08","New York",2.42,0.32,20.61,2.62,989
-74.9384,42.1497,"2014-03-09","New York",-0.69,0.25,10.01,1.67,992.08
-74.9384,42.1497,"2014-03-10","New York",3.04,0.27,22.34,2.24,983.39
-74.9384,42.1497,"2014-03-11","New York",7.65,0.31,25.54,1.95,980.66
-74.9384,42.1497,"2014-03-12","New York",1.92,0.33,23.56,1.11,974.69
-74.9384,42.1497,"2014-03-13","New York",-8.99,0.24,8.1,1.17,984.36
-74.9384,42.1497,"2014-03-14","New York",-0.68,0.26,18.87,2.05,991.18
-74.9384,42.1497,"2014-03-15","New York",5.11,0.24,13.18,1.33,986.66
-74.9384,42.1497,"2014-03-16","New York",-4.68,0.24,6.96,1.01,998.76
-74.9384,42.1497,"2014-03-17","New York",-6.62,0.27,12.28,1.07,996.19
-74.9384,42.1497,"2014-03-18","New York",-2.23,0.27,19.41,1.47,999.41
-74.9384,42.1497,"2014-03-19","New York",1.59,0.26,14.82,1.19,994.81
-74.9384,42.1497,"2014-03-20","New York",4,0.28,13.07,1.28,984.82
-74.9384,42.1497,"2014-03-21","New York",1.84,0.24,11.04,1.11,991.82
-74.9384,42.1497,"2014-03-22","New York",3.82,0.25,13.35,1.33,988.44
-74.9384,42.1497,"2014-03-23","New York",-2.02,0.23,6.65,1.11,995.45
-74.9384,42.1497,"2014-03-24","New York",-6.02,0.27,9.34,1.39,998.47
-74.9384,42.1497,"2014-03-25","New York",-3.28,0.27,18.04,1.26,992.76
-74.9384,42.1497,"2014-03-26","New York",-4.11,0.27,10.98,1.08,992.96
-74.9384,42.1497,"2014-03-27","New York",-1.46,0.27,19.8,1.4,1000.79
-74.9384,42.1497,"2014-03-28","New York",5.88,0.35,30.98,1.37,982.23
-74.9384,42.1497,"2014-03-29","New York",4.81,0.29,15.7,1.07,995.49
-74.9384,42.1497,"2014-03-30","New York",3.48,0.25,12.42,0.84,984.43
-74.9384,42.1497,"2014-03-31","New York",3.46,0.27,15.29,1.09,993.63
-74.9384,42.1497,"2014-04-01","New York",6.22,0.26,15.56,1.12,994.52
-74.9384,42.1497,"2014-04-02","New York",5.62,0.33,23.89,1.4,995.78
-74.9384,42.1497,"2014-04-03","New York",5.83,0.35,24.59,1.26,996.42
-74.9384,42.1497,"2014-04-04","New York",4.55,0.24,11.26,0.85,988.58
-74.9384,42.1497,"2014-04-05","New York",3.96,0.24,8.69,0.98,987.34
-74.9384,42.1497,"2014-04-06","New York",4.91,0.23,13.52,1.27,997.09
-74.9384,42.1497,"2014-04-07","New York",5.48,0.3,19.15,1.56,992.01
-74.9384,42.1497,"2014-04-08","New York",8.27,0.32,19.39,1.04,975.44
-74.9384,42.1497,"2014-04-09","New York",6.24,0.24,11.34,1,986.06
-74.9384,42.1497,"2014-04-10","New York",9.71,0.25,14.8,1.45,992.32
-74.9384,42.1497,"2014-04-11","New York",11.46,0.25,18.71,1.28,992.35
-74.9384,42.1497,"2014-04-12","New York",11.18,0.25,11.65,1.24,997.27
-74.9384,42.1497,"2014-04-13","New York",14.43,0.25,13.93,1.36,992.64
-74.9384,42.1497,"2014-04-14","New York",16.69,0.23,11.65,1.09,986.66
-74.9384,42.1497,"2014-04-15","New York",7.15,0.23,7.24,0.76,983.6
-74.9384,42.1497,"2014-04-16","New York",-0.16,0.25,7.57,0.93,1004.37
-74.9384,42.1497,"2014-04-17","New York",3.64,0.24,8.58,0.86,1012.36
-74.9384,42.1497,"2014-04-18","New York",5.73,0.26,11.76,1.13,1004.77
-74.9384,42.1497,"2014-04-19","New York",7.87,0.26,12.84,1.19,1003
-74.9384,42.1497,"2014-04-20","New York",8.84,0.24,7.84,0.98,1005.15
-74.9384,42.1497,"2014-04-21","New York",12.83,0.29,20.51,1.57,993.55
-74.9384,42.1497,"2014-04-22","New York",12.13,0.29,15.95,1.28,980.14
-74.9384,42.1497,"2014-04-23","New York",7.07,0.24,7.19,0.97,982.82
-74.9384,42.1497,"2014-04-24","New York",7.01,0.23,9.95,1.12,991.51
-74.9384,42.1497,"2014-04-25","New York",9.01,0.24,10.8,1.05,989.1
-74.9384,42.1497,"2014-04-26","New York",7.8,0.25,8.6,0.91,985.48
-74.9384,42.1497,"2014-04-27","New York",7.44,0.23,5.52,0.93,993.93
-74.9384,42.1497,"2014-04-28","New York",9.59,0.25,9.71,0.91,995.56
-74.9384,42.1497,"2014-04-29","New York",7.79,0.22,5.67,0.72,1000.04
-74.9384,42.1497,"2014-04-30","New York",6.99,0.26,9.9,0.68,997.79
-74.9384,42.1497,"2014-05-01","New York",13.55,0.31,13.86,0.85,984.93
-74.9384,42.1497,"2014-05-02","New York",12.64,0.24,8.07,0.94,984.68
-74.9384,42.1497,"2014-05-03","New York",12.53,0.26,10.86,1.13,985.19
-74.9384,42.1497,"2014-05-04","New York",10.94,0.23,4.94,1.01,983.62
-74.9384,42.1497,"2014-05-05","New York",11.57,0.22,8.9,1.04,989.42
-74.9384,42.1497,"2014-05-06","New York",11.38,0.23,10.57,0.9,993.11
-74.9384,42.1497,"2014-05-07","New York",11.67,0.23,10.95,0.84,999.63
-74.9384,42.1497,"2014-05-08","New York",13.53,0.24,13.72,0.88,997.84
-74.9384,42.1497,"2014-05-09","New York",16.31,0.27,14.95,0.9,994.95
-74.9384,42.1497,"2014-05-10","New York",18.1,0.24,8.9,0.63,989.38
-74.9384,42.1497,"2014-05-11","New York",17.54,0.24,11.53,0.75,994.39
-74.9384,42.1497,"2014-05-12","New York",19.79,0.32,22.85,1.18,996.15
-74.9384,42.1497,"2014-05-13","New York",17.8,0.27,11.57,0.53,998.16
-74.9384,42.1497,"2014-05-14","New York",17.12,0.23,8.45,0.39,999.94
-74.9384,42.1497,"2014-05-15","New York",19.34,0.24,8.65,0.28,996.53
-74.9384,42.1497,"2014-05-16","New York",15.42,0.22,6.21,0.3,991.27
-74.9384,42.1497,"2014-05-17","New York",12.2,0.22,6.54,0.47,994.4
-74.9384,42.1497,"2014-05-18","New York",11.72,0.22,5.4,0.55,999.56
-74.9384,42.1497,"2014-05-19","New York",13.69,0.23,9.09,0.57,998.9
-74.9384,42.1497,"2014-05-20","New York",16.88,0.23,9.98,0.51,996.04
-74.9384,42.1497,"2014-05-21","New York",18.12,0.24,14,0.66,991.43
-74.9384,42.1497,"2014-05-22","New York",15.08,0.26,15.17,0.47,988.56
-74.9384,42.1497,"2014-05-23","New York",13.93,0.24,8.1,0.47,991.06
-74.9384,42.1497,"2014-05-24","New York",14.96,0.23,8.62,0.62,995.3
-74.9384,42.1497,"2014-05-25","New York",18.24,0.25,10.22,0.57,996.21
-74.9384,42.1497,"2014-05-26","New York",22.17,0.26,10.07,1.03,992.77
-74.9384,42.1497,"2014-05-27","New York",22.94,0.24,12.57,1.03,988.45
-74.9384,42.1497,"2014-05-28","New York",13.75,0.21,5.65,0.21,993.86
-74.9384,42.1497,"2014-05-29","New York",13.71,0.21,7.15,0.31,999.26
-74.9384,42.1497,"2014-05-30","New York",15.88,0.23,14.09,0.5,997.03
-74.9384,42.1497,"2014-05-31","New York",15.59,0.22,6.87,0.39,1000.77
-74.9384,42.1497,"2014-06-01","New York",18.05,0.23,8.27,0.55,1002.73
-74.9384,42.1497,"2014-06-02","New York",21.24,0.23,13.14,0.96,996.92
-74.9384,42.1497,"2014-06-03","New York",21.86,0.26,14.1,0.76,990.2
-74.9384,42.1497,"2014-06-04","New York",18.82,0.27,12.55,0.61,987.81
-74.9384,42.1497,"2014-06-05","New York",16.49,0.24,9.78,0.76,985.25
-74.9384,42.1497,"2014-06-06","New York",17.39,0.21,7.99,0.75,990.67
-74.9384,42.1497,"2014-06-07","New York",19.87,0.23,9.24,0.73,993.36
-74.9384,42.1497,"2014-06-08","New York",21.01,0.25,9.04,0.67,991.18
-74.9384,42.1497,"2014-06-09","New York",18.62,0.24,10.69,0.48,992.24
-74.9384,42.1497,"2014-06-10","New York",20.19,0.26,9.57,0.49,992.7
-74.9384,42.1497,"2014-06-11","New York",17.81,0.22,7.44,0.54,994.87
-74.9384,42.1497,"2014-06-12","New York",18.11,0.22,8.32,0.5,992.64
-74.9384,42.1497,"2014-06-13","New York",19.61,0.25,11.53,0.56,987.43
-74.9384,42.1497,"2014-06-14","New York",16.74,0.21,6.47,0.89,992.1
-74.9384,42.1497,"2014-06-15","New York",18.22,0.21,5.54,0.64,997.17
-74.9384,42.1497,"2014-06-16","New York",20.64,0.24,11.76,0.97,996.89
-74.9384,42.1497,"2014-06-17","New York",24.17,0.28,15.61,0.83,992.97
-74.9384,42.1497,"2014-06-18","New York",23.67,0.23,8.94,0.55,991.43
-74.9384,42.1497,"2014-06-19","New York",20.18,0.23,10.37,0.36,994.78
-74.9384,42.1497,"2014-06-20","New York",18.37,0.21,7.75,0.33,994.1
-74.9384,42.1497,"2014-06-21","New York",17.81,0.17,6.54,0.38,992.44
-74.9384,42.1497,"2014-06-22","New York",19.04,0.2,8.88,0.44,993.37
-74.9384,42.1497,"2014-06-23","New York",21.19,0.25,12.14,0.57,996.16
-74.9384,42.1497,"2014-06-24","New York",22.08,0.31,9.33,0.46,994.89
-74.9384,42.1497,"2014-06-25","New York",21.77,0.3,8.97,0.33,991.22
-74.9384,42.1497,"2014-06-26","New York",22.85,0.29,8.73,0.3,991.19
-74.9384,42.1497,"2014-06-27","New York",21.74,0.27,7.09,0.37,998.16
-74.9384,42.1497,"2014-06-28","New York",22.73,0.3,8.54,0.6,1001.53
-74.9384,42.1497,"2014-06-29","New York",23.24,0.24,8.44,0.56,999.03
-74.9384,42.1497,"2014-06-30","New York",24.19,0.25,9.76,0.58,993.74
-74.9384,42.1497,"2014-07-01","New York",25.69,0.24,9.79,0.53,988.37
-74.9384,42.1497,"2014-07-02","New York",24.96,0.24,10.99,0.65,989.62
-74.9384,42.1497,"2014-07-03","New York",22.74,0.35,13.36,0.62,992.13
-74.9384,42.1497,"2014-07-04","New York",18.94,0.21,6.7,0.61,994.51
-74.9384,42.1497,"2014-07-05","New York",20.7,0.2,5.44,0.85,996.23
-74.9384,42.1497,"2014-07-06","New York",22.21,0.21,7.49,1.15,992.79
-74.9384,42.1497,"2014-07-07","New York",23.83,0.22,9.27,0.99,986.41
-74.9384,42.1497,"2014-07-08","New York",25.03,0.23,11.07,0.63,984.5
-74.9384,42.1497,"2014-07-09","New York",22.29,0.21,10.89,0.66,989.21
-74.9384,42.1497,"2014-07-10","New York",20.42,0.21,9.78,0.45,997.56
-74.9384,42.1497,"2014-07-11","New York",21.14,0.21,9.6,0.45,1000.7
-74.9384,42.1497,"2014-07-12","New York",22.7,0.24,12.25,0.72,999.29
-74.9384,42.1497,"2014-07-13","New York",22.79,0.2,5.96,0.52,992.06
-74.9384,42.1497,"2014-07-14","New York",22.94,0.22,12.83,0.49,989.75
-74.9384,42.1497,"2014-07-15","New York",22.12,0.25,12.31,0.54,985.88
-74.9384,42.1497,"2014-07-16","New York",20.62,0.2,9.69,0.49,988.38
-74.9384,42.1497,"2014-07-17","New York",19.62,0.2,9.52,0.55,994.13
-74.9384,42.1497,"2014-07-18","New York",20.11,0.2,11.19,0.65,1000.74
-74.9384,42.1497,"2014-07-19","New York",20.17,0.26,10.7,0.6,1000.83
-74.9384,42.1497,"2014-07-20","New York",20.81,0.23,6.58,0.53,998.28
-74.9384,42.1497,"2014-07-21","New York",22.43,0.26,13.03,1.37,998.93
-74.9384,42.1497,"2014-07-22","New York",24.58,0.25,13.02,0.72,997
-74.9384,42.1497,"2014-07-23","New York",24.2,0.23,11.29,0.77,990.38
-74.9384,42.1497,"2014-07-24","New York",20.54,0.2,6.87,0.49,991.13
-74.9384,42.1497,"2014-07-25","New York",20.23,0.21,8.79,0.65,993.14
-74.9384,42.1497,"2014-07-26","New York",21.19,0.22,9.89,0.96,983.32
-74.9384,42.1497,"2014-07-27","New York",23.02,0.22,7.26,0.62,976.63
-74.9384,42.1497,"2014-07-28","New York",19.64,0.2,7.83,0.5,980.17
-74.9384,42.1497,"2014-07-29","New York",18.08,0.22,7.05,0.61,989.93
-74.9384,42.1497,"2014-07-30","New York",18.86,0.23,10.41,0.54,993.9
-74.9384,42.1497,"2014-07-31","New York",19.59,0.24,12.93,0.74,996.18
-74.9384,42.1497,"2014-08-01","New York",21.97,0.26,11.6,0.65,999.32
-74.9384,42.1497,"2014-08-02","New York",20.82,0.25,6.07,0.43,998.35
-74.9384,42.1497,"2014-08-03","New York",20.57,0.24,6.76,0.43,996.8
-74.9384,42.1497,"2014-08-04","New York",22.42,0.27,12.64,0.58,995.76
-74.9384,42.1497,"2014-08-05","New York",22.59,0.29,14.74,0.58,995.99
-74.9384,42.1497,"2014-08-06","New York",21.23,0.26,10.52,0.45,993.18
-74.9384,42.1497,"2014-08-07","New York",19.92,0.27,10.82,0.55,993.12
-74.9384,42.1497,"2014-08-08","New York",19.99,0.26,9.36,0.57,996.68
-74.9384,42.1497,"2014-08-09","New York",21.32,0.26,8.89,0.53,997.81
-74.9384,42.1497,"2014-08-10","New York",22.19,0.27,9.28,0.53,998.16
-74.9384,42.1497,"2014-08-11","New York",22.84,0.27,10.42,0.58,996.87
-74.9384,42.1497,"2014-08-12","New York",20.92,0.23,7.86,0.36,991.84
-74.9384,42.1497,"2014-08-13","New York",20.3,0.23,7.07,0.4,985.56
-74.9384,42.1497,"2014-08-14","New York",17.54,0.23,6.37,0.5,988.72
-74.9384,42.1497,"2014-08-15","New York",16.47,0.22,7.36,0.58,991.12
-74.9384,42.1497,"2014-08-16","New York",18.18,0.22,10.45,0.83,991.57
-74.9384,42.1497,"2014-08-17","New York",19.61,0.23,7.77,0.69,990.1
-74.9384,42.1497,"2014-08-18","New York",18.58,0.23,6.73,0.47,990.49
-74.9384,42.1497,"2014-08-19","New York",19.26,0.24,9.71,0.61,990.63
-74.9384,42.1497,"2014-08-20","New York",21.64,0.25,13.11,0.61,994.78
-74.9384,42.1497,"2014-08-21","New York",21.34,0.24,10.25,0.54,996.34
-74.9384,42.1497,"2014-08-22","New York",19.79,0.24,7.96,0.43,994.79
-74.9384,42.1497,"2014-08-23","New York",19.34,0.23,4.53,0.42,996.89
-74.9384,42.1497,"2014-08-24","New York",19.92,0.23,7.12,0.49,998.86
-74.9384,42.1497,"2014-08-25","New York",22.03,0.26,13.07,0.62,999
-74.9384,42.1497,"2014-08-26","New York",22.92,0.29,14.24,0.85,997.62
-74.9384,42.1497,"2014-08-27","New York",23.29,0.25,12.93,0.88,995.39
-74.9384,42.1497,"2014-08-28","New York",19.58,0.23,8.29,0.7,995.04
-74.9384,42.1497,"2014-08-29","New York",18.26,0.23,7.69,0.58,1001.56
-74.9384,42.1497,"2014-08-30","New York",20.99,0.25,8.01,0.62,1000.97
-74.9384,42.1497,"2014-08-31","New York",23.25,0.24,8.05,0.5,996.46
-74.9384,42.1497,"2014-09-01","New York",24.45,0.24,8.42,0.57,994.56
-74.9384,42.1497,"2014-09-02","New York",25.13,0.23,9.75,0.61,991.29
-74.9384,42.1497,"2014-09-03","New York",22.21,0.25,10.77,0.76,996.02
-74.9384,42.1497,"2014-09-04","New York",21.22,0.28,14.04,0.81,999.85
-74.9384,42.1497,"2014-09-05","New York",22.54,0.26,11.71,0.8,997.94
-74.9384,42.1497,"2014-09-06","New York",20.54,0.22,9.03,0.69,993.4
-74.9384,42.1497,"2014-09-07","New York",18.14,0.25,6.25,0.59,999.2
-74.9384,42.1497,"2014-09-08","New York",18.05,0.24,7.09,0.51,1004.49
-74.9384,42.1497,"2014-09-09","New York",18.64,0.24,6.36,0.5,1002.12
-74.9384,42.1497,"2014-09-10","New York",19.68,0.25,7.23,0.47,996.98
-74.9384,42.1497,"2014-09-11","New York",19.81,0.23,9.08,0.52,991.84
-74.9384,42.1497,"2014-09-12","New York",14.61,0.22,5.83,0.45,1000.35
-74.9384,42.1497,"2014-09-13","New York",12.91,0.22,6.6,0.56,1000.47
-74.9384,42.1497,"2014-09-14","New York",12.37,0.24,7.54,0.5,1003.24
-74.9384,42.1497,"2014-09-15","New York",13.99,0.24,10.68,0.58,1000.69
-74.9384,42.1497,"2014-09-16","New York",14.4,0.26,15.19,0.63,996.35
-74.9384,42.1497,"2014-09-17","New York",14.53,0.27,14.42,0.61,996.16
-74.9384,42.1497,"2014-09-18","New York",13.72,0.27,15.5,0.67,997.38
-74.9384,42.1497,"2014-09-19","New York",11.53,0.22,6.2,0.93,1005.63
-74.9384,42.1497,"2014-09-20","New York",17.53,0.24,8.22,0.77,1000.08
-74.9384,42.1497,"2014-09-21","New York",19.65,0.25,10.97,0.58,987.17
-74.9384,42.1497,"2014-09-22","New York",13.66,0.22,5.72,0.5,993.64
-74.9384,42.1497,"2014-09-23","New York",12.59,0.24,14.49,0.69,1005.91
-74.9384,42.1497,"2014-09-24","New York",15.96,0.23,9.36,0.52,1012.55
-74.9384,42.1497,"2014-09-25","New York",14.82,0.22,6.23,0.49,1007.66
-74.9384,42.1497,"2014-09-26","New York",17.03,0.26,10.22,0.54,1003.68
-74.9384,42.1497,"2014-09-27","New York",18.69,0.3,12.85,0.82,1003.22
-74.9384,42.1497,"2014-09-28","New York",19.21,0.36,16.12,0.98,999.85
-74.9384,42.1497,"2014-09-29","New York",18.84,0.34,22.05,1.04,994.61
-74.9384,42.1497,"2014-09-30","New York",16.99,0.26,10.71,0.68,994.09
-74.9384,42.1497,"2014-10-01","New York",15.58,0.22,6.21,0.43,997.47
-74.9384,42.1497,"2014-10-02","New York",15.92,0.23,7.62,0.5,999.4
-74.9384,42.1497,"2014-10-03","New York",16.35,0.22,7.12,0.5,993.47
-74.9384,42.1497,"2014-10-04","New York",13.86,0.21,7.57,0.44,983.22
-74.9384,42.1497,"2014-10-05","New York",8.92,0.22,8.37,0.58,989.46
-74.9384,42.1497,"2014-10-06","New York",12.86,0.28,12.58,0.89,994.42
-74.9384,42.1497,"2014-10-07","New York",16.62,0.21,9.69,0.69,993.4
-74.9384,42.1497,"2014-10-08","New York",15.33,0.21,7.47,0.68,989.29
-74.9384,42.1497,"2014-10-09","New York",12.18,0.22,10.78,0.9,994.98
-74.9384,42.1497,"2014-10-10","New York",10.15,0.24,14.92,0.86,998.89
-74.9384,42.1497,"2014-10-11","New York",8.81,0.24,12.64,0.74,999.49
-74.9384,42.1497,"2014-10-12","New York",9.17,0.24,10.94,0.69,1003.95
-74.9384,42.1497,"2014-10-13","New York",13.08,0.3,15.88,0.84,1003.23
-74.9384,42.1497,"2014-10-14","New York",20.04,0.22,9.11,0.62,998.69
-74.9384,42.1497,"2014-10-15","New York",19.98,0.2,8.78,0.6,993.69
-74.9384,42.1497,"2014-10-16","New York",17.46,0.22,10.6,0.65,986.07
-74.9384,42.1497,"2014-10-17","New York",15.62,0.23,10.63,0.93,983.96
-74.9384,42.1497,"2014-10-18","New York",12.96,0.22,7.21,0.86,983.55
-74.9384,42.1497,"2014-10-19","New York",6.59,0.21,4.33,0.77,993.92
-74.9384,42.1497,"2014-10-20","New York",7.97,0.24,16.13,1.18,995.19
-74.9384,42.1497,"2014-10-21","New York",10.84,0.25,15.13,0.65,992.55
-74.9384,42.1497,"2014-10-22","New York",9.81,0.22,7.73,0.43,995.27
-74.9384,42.1497,"2014-10-23","New York",9.2,0.21,9.44,0.6,990.63
-74.9384,42.1497,"2014-10-24","New York",10.23,0.26,12.88,0.89,990.99
-74.9384,42.1497,"2014-10-25","New York",12.27,0.24,10.2,1.28,986.57
-74.9384,42.1497,"2014-10-26","New York",10.39,0.2,5.34,0.66,985.16
-74.9384,42.1497,"2014-10-27","New York",10.1,0.26,16.65,1,994.36
-74.9384,42.1497,"2014-10-28","New York",14.58,0.32,22.29,1.33,993
-74.9384,42.1497,"2014-10-29","New York",12.52,0.26,14.8,0.89,992.12
-74.9384,42.1497,"2014-10-30","New York",7.69,0.26,11.91,0.86,995.61
-74.9384,42.1497,"2014-10-31","New York",6.78,0.27,11.2,0.7,994.58
-74.9384,42.1497,"2014-11-01","New York",4.93,0.24,6.49,0.62,992.92
-74.9384,42.1497,"2014-11-02","New York",4.05,0.23,4.33,0.71,995.1
-74.9384,42.1497,"2014-11-03","New York",8.14,0.26,12.9,1.43,998.8
-74.9384,42.1497,"2014-11-04","New York",13.58,0.29,18.85,2.21,997.35
-74.9384,42.1497,"2014-11-05","New York",11.11,0.28,18.08,1.2,998.03
-74.9384,42.1497,"2014-11-06","New York",6.73,0.35,20.15,0.8,990.91
-74.9384,42.1497,"2014-11-07","New York",4.76,0.27,9.88,0.76,987.31
-74.9384,42.1497,"2014-11-08","New York",3.94,0.29,10.75,0.93,992.66
-74.9384,42.1497,"2014-11-09","New York",6.61,0.31,13.11,1.24,992.94
-74.9384,42.1497,"2014-11-10","New York",8.12,0.43,21.77,1.86,998.28
-74.9384,42.1497,"2014-11-11","New York",11.9,0.39,20.58,1.34,994.63
-74.9384,42.1497,"2014-11-12","New York",9.47,0.27,12.3,0.78,994.41
-74.9384,42.1497,"2014-11-13","New York",2.34,0.26,13.66,0.91,997.78
-74.9384,42.1497,"2014-11-14","New York",0.37,0.28,10.34,0.91,997.31
-74.9384,42.1497,"2014-11-15","New York",-0.57,0.31,13.54,1.14,1003.85
-74.9384,42.1497,"2014-11-16","New York",1.41,0.37,17.07,1.77,1001.32
-74.9384,42.1497,"2014-11-17","New York",2.91,0.43,19.25,0.95,984.95
-74.9384,42.1497,"2014-11-18","New York",-3.87,0.3,7.89,1.11,987.8
-74.9384,42.1497,"2014-11-19","New York",-4.74,0.33,11.6,1.37,996.61
-74.9384,42.1497,"2014-11-20","New York",-1.06,0.33,12.92,1.35,990.72
-74.9384,42.1497,"2014-11-21","New York",-3.93,0.32,10.86,1.03,1003.32
-74.9384,42.1497,"2014-11-22","New York",0.47,0.32,19.77,2.26,1002.62
-74.9384,42.1497,"2014-11-23","New York",7.56,0.37,23.4,1.71,996.56
-74.9384,42.1497,"2014-11-24","New York",14.01,0.29,12.34,0.77,981.08
-74.9384,42.1497,"2014-11-25","New York",8.04,0.28,13.01,1.07,992.96
-74.9384,42.1497,"2014-11-26","New York",1.16,0.34,12.63,0.84,996.71
-74.9384,42.1497,"2014-11-27","New York",-0.71,0.38,9.29,0.91,994.73
-74.9384,42.1497,"2014-11-28","New York",-3.27,0.36,9.98,0.8,1000.04
-74.9384,42.1497,"2014-11-29","New York",-2.06,0.41,17.12,1.52,1000.97
-74.9384,42.1497,"2014-11-30","New York",7.31,0.39,13.72,1.32,994.81
-74.9384,42.1497,"2014-12-01","New York",5.81,0.37,14.2,1.1,1002.16
-74.9384,42.1497,"2014-12-02","New York",-0.98,0.34,12.22,1.01,1010.76
-74.9384,42.1497,"2014-12-03","New York",3.88,0.41,14.12,1.02,996.92
-74.9384,42.1497,"2014-12-04","New York",-0.44,0.3,14.66,1.16,1006.89
-74.9384,42.1497,"2014-12-05","New York",-0.79,0.32,17.41,1.11,1009.42
-74.9384,42.1497,"2014-12-06","New York",3.23,0.43,19.33,0.99,1002.62
-74.9384,42.1497,"2014-12-07","New York",-2.19,0.27,6.94,0.96,1012.36
-74.9384,42.1497,"2014-12-08","New York",-3.84,0.32,12.55,0.94,1011.95
-74.9384,42.1497,"2014-12-09","New York",1.92,0.3,12.21,0.85,995.99
-74.9384,42.1497,"2014-12-10","New York",0.12,0.29,11.18,0.82,986.7
-74.9384,42.1497,"2014-12-11","New York",-1.36,0.27,14.95,1.1,987.01
-74.9384,42.1497,"2014-12-12","New York",-1.23,0.24,11.7,1.04,994.59
-74.9384,42.1497,"2014-12-13","New York",0.49,0.23,9,1.16,994.45
-74.9384,42.1497,"2014-12-14","New York",2.01,0.26,10.44,1.1,993.46
-74.9384,42.1497,"2014-12-15","New York",1.56,0.32,16.02,1.11,997.53
-74.9384,42.1497,"2014-12-16","New York",2.77,0.46,19.8,1.1,993.55
-74.9384,42.1497,"2014-12-17","New York",4.42,0.3,11.84,1.07,990.58
-74.9384,42.1497,"2014-12-18","New York",0.69,0.24,8.62,0.98,994.23
-74.9384,42.1497,"2014-12-19","New York",-2.08,0.26,10.78,0.95,997.96
-74.9384,42.1497,"2014-12-20","New York",-3.31,0.29,14.66,1.08,1003.28
-74.9384,42.1497,"2014-12-21","New York",-1.85,0.31,14.85,1.23,1004.54
-74.9384,42.1497,"2014-12-22","New York",0.92,0.31,14.36,1.01,1002.63
-74.9384,42.1497,"2014-12-23","New York",4.78,0.32,15.77,0.91,994.72
-74.9384,42.1497,"2014-12-24","New York",7.88,0.31,13.88,0.84,983.87
-74.9384,42.1497,"2014-12-25","New York",7.26,0.23,6.57,1.01,984.11
-74.9384,42.1497,"2014-12-26","New York",4.33,0.27,13.42,1.28,997.9
-74.9384,42.1497,"2014-12-27","New York",6.22,0.36,18.12,1.95,996.51
-74.9384,42.1497,"2014-12-28","New York",5.11,0.29,11.78,1.23,990.62
-74.9384,42.1497,"2014-12-29","New York",-0.72,0.27,11.71,0.98,998.14
-74.9384,42.1497,"2014-12-30","New York",-5.67,0.28,11.41,1.24,1003.21
-74.9384,42.1497,"2014-12-31","New York",-6.02,0.29,12.25,1.28,999.15
-93.214,42.0046,"2014-01-01","Iowa",-13.13,0.2,6.04,0.21,995.24
-93.214,42.0046,"2014-01-02","Iowa",-15.14,0.21,9.65,0.19,998.82
-93.214,42.0046,"2014-01-03","Iowa",-12.56,0.26,9.96,7.08,990.25
-93.214,42.0046,"2014-01-04","Iowa",-4.88,0.19,5.29,0.9,982.72
-93.214,42.0046,"2014-01-05","Iowa",-15.71,0.17,2.93,0.15,993.76
-93.214,42.0046,"2014-01-06","Iowa",-24.08,0.16,5.06,0.12,997.84
-93.214,42.0046,"2014-01-07","Iowa",-17.44,0.29,15.2,0.75,994.67
-93.214,42.0046,"2014-01-08","Iowa",-15.03,0.3,17.12,0.21,1000.15
-93.214,42.0046,"2014-01-09","Iowa",-10.27,0.3,16.07,1.54,995.57
-93.214,42.0046,"2014-01-10","Iowa",-0.41,0.29,11.8,0.57,978.28
-93.214,42.0046,"2014-01-11","Iowa",-0.66,0.19,6.93,0.2,975.27
-93.214,42.0046,"2014-01-12","Iowa",2.45,0.25,6.61,5.24,974.7
-93.214,42.0046,"2014-01-13","Iowa",1.17,0.23,7.5,0.3,976.29
-93.214,42.0046,"2014-01-14","Iowa",-2.38,0.18,4.34,0.22,980.84
-93.214,42.0046,"2014-01-15","Iowa",-8.75,0.17,3.81,0.83,987.77
-93.214,42.0046,"2014-01-16","Iowa",-2.91,0.17,3.9,0.31,975.72
-93.214,42.0046,"2014-01-17","Iowa",-11.58,0.18,7.46,0.08,985.91
-93.214,42.0046,"2014-01-18","Iowa",-7.61,0.22,6.97,0.27,979.78
-93.214,42.0046,"2014-01-19","Iowa",-0.56,0.19,5.84,0.58,977.96
-93.214,42.0046,"2014-01-20","Iowa",-1.91,0.18,6.08,0.13,984.58
-93.214,42.0046,"2014-01-21","Iowa",-16.05,0.18,5.79,0.16,996.89
-93.214,42.0046,"2014-01-22","Iowa",-12.88,0.17,5.01,0.25,990.52
-93.214,42.0046,"2014-01-23","Iowa",-19.47,0.18,7.51,0.06,1007.04
-93.214,42.0046,"2014-01-24","Iowa",-6.77,0.19,5.91,1.3,985.37
-93.214,42.0046,"2014-01-25","Iowa",-6.43,0.16,3.61,0.12,979.76
-93.214,42.0046,"2014-01-26","Iowa",-4.46,0.16,2.24,0.22,974.18
-93.214,42.0046,"2014-01-27","Iowa",-19.47,0.16,5.42,0.02,998.93
-93.214,42.0046,"2014-01-28","Iowa",-17.9,0.26,12.48,0.06,999.11
-93.214,42.0046,"2014-01-29","Iowa",-8.06,0.29,8.54,3.99,988.76
-93.214,42.0046,"2014-01-30","Iowa",-3.38,0.19,5.18,3.71,978.32
-93.214,42.0046,"2014-01-31","Iowa",-12.32,0.2,7.76,0.19,990.47
-93.214,42.0046,"2014-02-01","Iowa",-8.63,0.22,9.22,0.19,987.05
-93.214,42.0046,"2014-02-02","Iowa",-15.02,0.24,7.8,0.04,996.86
-93.214,42.0046,"2014-02-03","Iowa",-13.79,0.41,12.26,0.58,997.59
-93.214,42.0046,"2014-02-04","Iowa",-10.02,0.29,14.88,0.66,996.57
-93.214,42.0046,"2014-02-05","Iowa",-13.64,0.19,6.47,0.11,999.82
-93.214,42.0046,"2014-02-06","Iowa",-18.8,0.2,9.74,0.11,1002.65
-93.214,42.0046,"2014-02-07","Iowa",-15.25,0.25,10.79,0.77,997.99
-93.214,42.0046,"2014-02-08","Iowa",-10.26,0.24,9.72,1.58,992
-93.214,42.0046,"2014-02-09","Iowa",-14.48,0.21,9.19,0.2,995.78
-93.214,42.0046,"2014-02-10","Iowa",-19.74,0.23,14.21,0.1,1002.11
-93.214,42.0046,"2014-02-11","Iowa",-17.68,0.34,14.6,1.24,1000.57
-93.214,42.0046,"2014-02-12","Iowa",-8.94,0.28,13.95,3.55,990.23
-93.214,42.0046,"2014-02-13","Iowa",-3.82,0.24,9.32,1.46,977.86
-93.214,42.0046,"2014-02-14","Iowa",-10.98,0.2,6.96,0.09,982.56
-93.214,42.0046,"2014-02-15","Iowa",-11.46,0.26,9.98,0.61,986.53
-93.214,42.0046,"2014-02-17","Iowa",-1.61,0.23,9.31,1.85,982.47
-93.214,42.0046,"2014-02-18","Iowa",3.34,0.28,8.97,1.18,978.19
-93.214,42.0046,"2014-02-19","Iowa",2.51,0.22,7.22,0.9,982.63
-93.214,42.0046,"2014-02-20","Iowa",1.65,0.2,6.98,0.41,968.98
-93.214,42.0046,"2014-02-21","Iowa",-2.47,0.21,7.37,0.11,977.29
-93.214,42.0046,"2014-02-22","Iowa",-4.56,0.22,9.27,0.12,987.3
-93.214,42.0046,"2014-02-23","Iowa",-7.98,0.18,6.09,0.06,995.66
-93.214,42.0046,"2014-02-24","Iowa",-9.08,0.2,8.04,0.06,997.12
-93.214,42.0046,"2014-02-25","Iowa",-13.03,0.19,6.09,0.1,997.48
-93.214,42.0046,"2014-02-26","Iowa",-12.64,0.2,6.38,0.81,989.72
-93.214,42.0046,"2014-02-27","Iowa",-15.59,0.19,6.04,0.09,990.26
-93.214,42.0046,"2014-02-28","Iowa",-7.46,0.22,7.77,2.57,986.49
-93.214,42.0046,"2014-03-01","Iowa",-11.33,0.2,5.31,0.1,996.02
-93.214,42.0046,"2014-03-02","Iowa",-18.23,0.19,4.6,0.15,1002.73
-93.214,42.0046,"2014-03-03","Iowa",-15.74,0.23,8.34,1.22,1001.66
-93.214,42.0046,"2014-03-04","Iowa",-7.23,0.23,8.57,2.32,992.75
-93.214,42.0046,"2014-03-05","Iowa",-6.18,0.23,11,0.49,997.18
-93.214,42.0046,"2014-03-06","Iowa",-5.22,0.27,8.91,1.91,993.08
-93.214,42.0046,"2014-03-07","Iowa",1.07,0.27,8.41,2.43,984.64
-93.214,42.0046,"2014-03-08","Iowa",-1.27,0.23,7.53,0.16,993.64
-93.214,42.0046,"2014-03-09","Iowa",2.12,0.22,5.69,0.39,988.01
-93.214,42.0046,"2014-03-10","Iowa",9.02,0.27,11.46,0.7,977.99
-93.214,42.0046,"2014-03-11","Iowa",4.58,0.26,8.01,0.28,977.49
-93.214,42.0046,"2014-03-12","Iowa",-0.76,0.19,5.63,0.07,987.4
-93.214,42.0046,"2014-03-13","Iowa",4.02,0.22,5.4,1.18,984.98
-93.214,42.0046,"2014-03-14","Iowa",7.04,0.19,5.42,0.32,979.43
-93.214,42.0046,"2014-03-15","Iowa",1.99,0.2,5.9,0.13,989.36
-93.214,42.0046,"2014-03-16","Iowa",-3.93,0.18,3.81,0.05,995.23
-93.214,42.0046,"2014-03-17","Iowa",-1.06,0.2,4.6,3.6,981.06
-93.214,42.0046,"2014-03-18","Iowa",5.29,0.23,7.61,3.48,975.24
-93.214,42.0046,"2014-03-19","Iowa",2.12,0.25,8.04,0.21,982.43
-93.214,42.0046,"2014-03-20","Iowa",4.11,0.3,9.12,0.69,986.81
-93.214,42.0046,"2014-03-21","Iowa",6.01,0.2,5.69,1.66,982.87
-93.214,42.0046,"2014-03-22","Iowa",-1.63,0.18,2.77,0.07,996.07
-93.214,42.0046,"2014-03-23","Iowa",-4.55,0.18,3.57,0.1,1001.22
-93.214,42.0046,"2014-03-24","Iowa",-1.99,0.2,5.58,0.49,995.31
-93.214,42.0046,"2014-03-25","Iowa",-5.05,0.21,7.13,0.05,994.01
-93.214,42.0046,"2014-03-26","Iowa",0.8,0.23,5.43,6.51,988.56
-93.214,42.0046,"2014-03-27","Iowa",5.9,0.22,4.43,9.62,972.19
-93.214,42.0046,"2014-03-28","Iowa",2.14,0.21,6.81,0.29,987.21
-93.214,42.0046,"2014-03-29","Iowa",4.36,0.22,7.08,0.31,993.98
-93.214,42.0046,"2014-03-30","Iowa",9.83,0.23,4.53,8.7,988.07
-93.214,42.0046,"2014-03-31","Iowa",11.91,0.2,3.52,11.15,977.95
-93.214,42.0046,"2014-04-01","Iowa",2.04,0.18,4.04,0.2,985.94
-93.214,42.0046,"2014-04-02","Iowa",4.88,0.22,7.2,0.64,988.2
-93.214,42.0046,"2014-04-03","Iowa",4.26,0.22,7.04,0.31,978.35
-93.214,42.0046,"2014-04-04","Iowa",2.37,0.19,3.19,0.16,980.87
-93.214,42.0046,"2014-04-05","Iowa",4.91,0.23,6.04,1.54,991.48
-93.214,42.0046,"2014-04-06","Iowa",9.13,0.26,7.67,4.29,986.65
-93.214,42.0046,"2014-04-07","Iowa",10.26,0.29,7.99,0.95,979.47
-93.214,42.0046,"2014-04-08","Iowa",8.62,0.19,3.74,0.14,983.41
-93.214,42.0046,"2014-04-09","Iowa",11.4,0.21,4.99,3.8,984.15
-93.214,42.0046,"2014-04-10","Iowa",13.72,0.22,10.17,0.59,981.42
-93.214,42.0046,"2014-04-11","Iowa",14.16,0.27,8.86,1.12,986.65
-93.214,42.0046,"2014-04-12","Iowa",19.88,0.22,3.56,5.59,978.08
-93.214,42.0046,"2014-04-13","Iowa",11.94,0.2,3.3,1.16,974.25
-93.214,42.0046,"2014-04-14","Iowa",0.98,0.15,3.74,0.03,984.65
-93.214,42.0046,"2014-04-15","Iowa",0.75,0.17,5.57,0.27,991.24
-93.214,42.0046,"2014-04-16","Iowa",7.96,0.19,3.05,5.5,987.16
-93.214,42.0046,"2014-04-17","Iowa",6.35,0.2,6.43,1.17,993.81
-93.214,42.0046,"2014-04-18","Iowa",8.92,0.22,6.74,2.65,996.76
-93.214,42.0046,"2014-04-19","Iowa",14.74,0.21,4.39,5.98,993.43
-93.214,42.0046,"2014-04-20","Iowa",19.87,0.21,3.37,4.84,988.94
-93.214,42.0046,"2014-04-21","Iowa",16.78,0.21,6.16,0.67,985.24
-93.214,42.0046,"2014-04-22","Iowa",11.27,0.17,5.83,0.1,988.82
-93.214,42.0046,"2014-04-23","Iowa",8.61,0.2,4.76,5.83,988.21
-93.214,42.0046,"2014-04-24","Iowa",10.71,0.23,7.33,4.52,978.85
-93.214,42.0046,"2014-04-25","Iowa",14.58,0.23,7.43,0.28,981.26
-93.214,42.0046,"2014-04-26","Iowa",14.34,0.22,5.27,1.07,982.49
-93.214,42.0046,"2014-04-27","Iowa",12.13,0.19,3.87,5,976.72
-93.214,42.0046,"2014-04-28","Iowa",11.42,0.2,5.35,0.86,969.52
-93.214,42.0046,"2014-04-29","Iowa",8.79,0.19,5.95,0.4,971.53
-93.214,42.0046,"2014-04-30","Iowa",5.07,0.16,3.46,0.13,979.29
-93.214,42.0046,"2014-05-01","Iowa",6.89,0.17,3.31,0.15,980.79
-93.214,42.0046,"2014-05-02","Iowa",11.42,0.18,4.9,0.36,980.37
-93.214,42.0046,"2014-05-03","Iowa",14.28,0.18,5.52,0.12,982.55
-93.214,42.0046,"2014-05-04","Iowa",11.94,0.2,4.16,0.54,986.93
-93.214,42.0046,"2014-05-05","Iowa",13.53,0.19,4.88,1.16,983.7
-93.214,42.0046,"2014-05-06","Iowa",15.64,0.2,5.43,5.46,980.93
-93.214,42.0046,"2014-05-07","Iowa",22.38,0.23,6.12,5.46,976.62
-93.214,42.0046,"2014-05-08","Iowa",22.21,0.2,3.61,4.36,978.24
-93.214,42.0046,"2014-05-09","Iowa",14.85,0.17,5.05,0.25,979.98
-93.214,42.0046,"2014-05-10","Iowa",17.93,0.23,5.51,3.36,982.62
-93.214,42.0046,"2014-05-11","Iowa",19.43,0.2,4.98,2.73,981.5
-93.214,42.0046,"2014-05-12","Iowa",19.38,0.19,4.26,1.66,980.55
-93.214,42.0046,"2014-05-13","Iowa",10.37,0.15,3.81,0.1,990.1
-93.214,42.0046,"2014-05-14","Iowa",10.21,0.19,6.79,0.09,992.82
-93.214,42.0046,"2014-05-15","Iowa",8.23,0.18,5.66,0.1,988.66
-93.214,42.0046,"2014-05-16","Iowa",7.27,0.19,7.13,0.07,989.51
-93.214,42.0046,"2014-05-17","Iowa",10.86,0.23,5.73,0.24,991.67
-93.214,42.0046,"2014-05-18","Iowa",15.16,0.19,3.98,3.66,992.23
-93.214,42.0046,"2014-05-19","Iowa",17.96,0.19,3.47,5.76,985.52
-93.214,42.0046,"2014-05-20","Iowa",23.3,0.21,6.89,2.79,981.56
-93.214,42.0046,"2014-05-21","Iowa",22.52,0.18,5.9,0.28,985.27
-93.214,42.0046,"2014-05-22","Iowa",16.91,0.2,8.39,0.13,991.72
-93.214,42.0046,"2014-05-23","Iowa",18.88,0.23,8.58,0.27,992.92
-93.214,42.0046,"2014-05-24","Iowa",19.38,0.24,4.92,2.66,992.05
-93.214,42.0046,"2014-05-25","Iowa",20.84,0.25,3.81,2.16,988.79
-93.214,42.0046,"2014-05-26","Iowa",22.4,0.2,3.58,1.45,986.18
-93.214,42.0046,"2014-05-27","Iowa",22.74,0.17,5.92,0.66,984.79
-93.214,42.0046,"2014-05-28","Iowa",21.81,0.19,6.1,0.26,986.38
-93.214,42.0046,"2014-05-29","Iowa",22.58,0.2,4.81,0.78,988.8
-93.214,42.0046,"2014-05-30","Iowa",24.39,0.21,5.58,1.3,990.32
-93.214,42.0046,"2014-05-31","Iowa",24.42,0.21,3.73,3.91,989.19
-93.214,42.0046,"2014-06-01","Iowa",25.37,0.14,2.38,4.68,983.95
-93.214,42.0046,"2014-06-02","Iowa",23.56,0.12,4.36,1.08,981.96
-93.214,42.0046,"2014-06-03","Iowa",21.57,0.16,5.86,1.27,985.27
-93.214,42.0046,"2014-06-04","Iowa",19.42,0.18,5.05,0.58,982.07
-93.214,42.0046,"2014-06-05","Iowa",19.61,0.2,4.14,1.94,985.16
-93.214,42.0046,"2014-06-06","Iowa",22.27,0.23,5.31,3.12,985.78
-93.214,42.0046,"2014-06-07","Iowa",19.34,0.25,6.35,0.94,984.64
-93.214,42.0046,"2014-06-08","Iowa",17.54,0.15,3.23,0.09,988.16
-93.214,42.0046,"2014-06-09","Iowa",19.98,0.18,5.6,0.84,985.42
-93.214,42.0046,"2014-06-10","Iowa",18.12,0.2,6.71,0.34,982.59
-93.214,42.0046,"2014-06-11","Iowa",20.44,0.21,6.4,0.16,979.94
-93.214,42.0046,"2014-06-12","Iowa",19.31,0.16,5.06,0.14,983.16
-93.214,42.0046,"2014-06-13","Iowa",18.03,0.16,4.55,0.18,988.02
-93.214,42.0046,"2014-06-14","Iowa",20.23,0.2,2.39,4.86,984.75
-93.214,42.0046,"2014-06-15","Iowa",22.89,0.16,3.84,5.77,981.26
-93.214,42.0046,"2014-06-16","Iowa",24.08,0.18,3.67,5.1,984.63
-93.214,42.0046,"2014-06-17","Iowa",25.09,0.15,2.99,3.39,983.92
-93.214,42.0046,"2014-06-18","Iowa",25.43,0.16,3.27,1.92,985.09
-93.214,42.0046,"2014-06-19","Iowa",22.36,0.15,3.7,0.62,988.14
-93.214,42.0046,"2014-06-20","Iowa",24.34,0.19,4.87,0.27,987.93
-93.214,42.0046,"2014-06-21","Iowa",24.57,0.2,3.91,0.7,985.99
-93.214,42.0046,"2014-06-22","Iowa",21.35,0.18,3.79,0.88,984.6
-93.214,42.0046,"2014-06-23","Iowa",21.98,0.16,4.92,0.35,984.46
-93.214,42.0046,"2014-06-24","Iowa",23.61,0.15,5.44,0.19,986.21
-93.214,42.0046,"2014-06-25","Iowa",24.34,0.17,6.21,0.22,988.46
-93.214,42.0046,"2014-06-26","Iowa",22.57,0.21,6.32,1.39,988.33
-93.214,42.0046,"2014-06-27","Iowa",24.39,0.18,3.17,5.23,985.9
-93.214,42.0046,"2014-06-28","Iowa",24.11,0.12,2.07,6.24,985.01
-93.214,42.0046,"2014-06-29","Iowa",23.72,0.13,2.42,3.38,984.84
-93.214,42.0046,"2014-06-30","Iowa",22.03,0.17,5.35,3.32,980.66
-93.214,42.0046,"2014-07-01","Iowa",20.93,0.13,2.87,0.24,981.75
-93.214,42.0046,"2014-07-02","Iowa",16.03,0.13,4.08,0.16,988.96
-93.214,42.0046,"2014-07-03","Iowa",18.57,0.21,6.58,0.23,994.49
-93.214,42.0046,"2014-07-04","Iowa",20.59,0.28,4.92,1.4,997.88
-93.214,42.0046,"2014-07-05","Iowa",19.03,0.19,2.7,5.35,992.93
-93.214,42.0046,"2014-07-06","Iowa",24.98,0.18,2.54,1.21,983.76
-93.214,42.0046,"2014-07-07","Iowa",24.98,0.16,3.98,0.38,981.26
-93.214,42.0046,"2014-07-08","Iowa",22.54,0.12,3.74,0.18,982.94
-93.214,42.0046,"2014-07-09","Iowa",20.68,0.18,5.71,0.19,989.01
-93.214,42.0046,"2014-07-10","Iowa",22.51,0.21,2.9,3.32,990.65
-93.214,42.0046,"2014-07-11","Iowa",22.48,0.21,4.69,4.83,990.17
-93.214,42.0046,"2014-07-12","Iowa",24.34,0.19,4,1.1,986.59
-93.214,42.0046,"2014-07-13","Iowa",22.76,0.18,3.98,0.22,986.1
-93.214,42.0046,"2014-07-14","Iowa",19.9,0.16,3.9,0.16,985.21
-93.214,42.0046,"2014-07-15","Iowa",15.9,0.13,5.55,0.12,988.44
-93.214,42.0046,"2014-07-16","Iowa",18.14,0.17,7.79,0.2,988.86
-93.214,42.0046,"2014-07-17","Iowa",19.73,0.22,7.94,0.86,989.96
-93.214,42.0046,"2014-07-18","Iowa",20.98,0.2,5.8,2.39,990.34
-93.214,42.0046,"2014-07-19","Iowa",21.63,0.19,3.59,2.82,988.31
-93.214,42.0046,"2014-07-20","Iowa",23.05,0.18,2.13,6.3,986.91
-93.214,42.0046,"2014-07-21","Iowa",25.71,0.2,2.68,6.84,986.89
-93.214,42.0046,"2014-07-22","Iowa",26.94,0.19,4.93,3.6,986.94
-93.214,42.0046,"2014-07-23","Iowa",22.65,0.18,6.53,0.24,992.46
-93.214,42.0046,"2014-07-24","Iowa",20.8,0.21,6.36,3.3,990.87
-93.214,42.0046,"2014-07-25","Iowa",20.52,0.19,3.17,4.85,984.51
-93.214,42.0046,"2014-07-26","Iowa",23.56,0.24,5.21,1.24,982
-93.214,42.0046,"2014-07-27","Iowa",22.11,0.16,2.43,0.18,984.57
-93.214,42.0046,"2014-07-28","Iowa",18.87,0.15,4.33,0.08,991.84
-93.214,42.0046,"2014-07-29","Iowa",19.75,0.18,5.45,0.12,990.76
-93.214,42.0046,"2014-07-30","Iowa",20.59,0.2,6.76,0.2,989.76
-93.214,42.0046,"2014-07-31","Iowa",21.48,0.23,7.57,0.18,989.45
-93.214,42.0046,"2014-08-01","Iowa",22.56,0.27,7.6,1.82,989.95
-93.214,42.0046,"2014-08-02","Iowa",22.69,0.28,5.37,2.08,991.73
-93.214,42.0046,"2014-08-03","Iowa",23.37,0.27,4.23,1.25,991.14
-93.214,42.0046,"2014-08-04","Iowa",23.64,0.22,4.99,2.01,989.09
-93.214,42.0046,"2014-08-05","Iowa",21.22,0.2,6.16,0.18,989.29
-93.214,42.0046,"2014-08-06","Iowa",20.64,0.22,4.42,0.4,989.08
-93.214,42.0046,"2014-08-07","Iowa",21.04,0.23,4.95,3,987.64
-93.214,42.0046,"2014-08-08","Iowa",22.1,0.23,5.81,0.86,988.15
-93.214,42.0046,"2014-08-09","Iowa",22.54,0.27,5.41,1.38,989.08
-93.214,42.0046,"2014-08-10","Iowa",22.18,0.28,6.62,0.61,988.3
-93.214,42.0046,"2014-08-11","Iowa",21.16,0.22,3.88,0.21,985.98
-93.214,42.0046,"2014-08-12","Iowa",19.19,0.21,4.55,0.12,987.57
-93.214,42.0046,"2014-08-13","Iowa",20.9,0.24,6.19,0.25,989.81
-93.214,42.0046,"2014-08-14","Iowa",21.14,0.23,5.01,0.28,989.63
-93.214,42.0046,"2014-08-15","Iowa",19.67,0.23,4.32,2.48,987.32
-93.214,42.0046,"2014-08-16","Iowa",21.34,0.23,4.83,1.82,983.99
-93.214,42.0046,"2014-08-17","Iowa",22.79,0.25,3.81,0.5,985.31
-93.214,42.0046,"2014-08-18","Iowa",24.13,0.21,3.19,1.98,982.09
-93.214,42.0046,"2014-08-19","Iowa",24.27,0.21,6.48,0.31,979.67
-93.214,42.0046,"2014-08-20","Iowa",22.28,0.23,7.14,0.9,983.19
-93.214,42.0046,"2014-08-21","Iowa",24.99,0.21,4.95,1.55,983.52
-93.214,42.0046,"2014-08-22","Iowa",25.77,0.22,6.83,0.26,984.82
-93.214,42.0046,"2014-08-23","Iowa",24.18,0.18,3.68,0.32,985.12
-93.214,42.0046,"2014-08-24","Iowa",26.94,0.16,2.19,1.4,984.47
-93.214,42.0046,"2014-08-25","Iowa",26.74,0.2,4.81,0.61,986.31
-93.214,42.0046,"2014-08-26","Iowa",22.74,0.19,4.44,0.32,990.69
-93.214,42.0046,"2014-08-27","Iowa",21.39,0.2,5.1,1.13,991.7
-93.214,42.0046,"2014-08-28","Iowa",20.41,0.22,4.71,2.87,988.01
-93.214,42.0046,"2014-08-29","Iowa",23.62,0.2,3.55,5.83,982.57
-93.214,42.0046,"2014-08-30","Iowa",22.36,0.18,4.26,0.49,982.9
-93.214,42.0046,"2014-08-31","Iowa",24.01,0.23,3.14,7.42,982.45
-93.214,42.0046,"2014-09-01","Iowa",22.09,0.14,3.34,0.56,980.67
-93.214,42.0046,"2014-09-02","Iowa",20.81,0.21,6.3,0.71,985.07
-93.214,42.0046,"2014-09-03","Iowa",22.87,0.21,3.78,14.06,984.66
-93.214,42.0046,"2014-09-04","Iowa",26.31,0.16,3.03,12.22,982.83
-93.214,42.0046,"2014-09-05","Iowa",19.48,0.14,4.23,0.34,988.67
-93.214,42.0046,"2014-09-06","Iowa",16.73,0.21,4.98,0.21,993.77
-93.214,42.0046,"2014-09-07","Iowa",18.13,0.25,3.92,1.78,992.28
-93.214,42.0046,"2014-09-08","Iowa",19.08,0.23,4.29,5.3,986.98
-93.214,42.0046,"2014-09-09","Iowa",20.06,0.17,4.21,5.16,982.12
-93.214,42.0046,"2014-09-10","Iowa",18.12,0.14,2.58,1.04,978.64
-93.214,42.0046,"2014-09-11","Iowa",10.71,0.13,3.45,0.18,994.24
-93.214,42.0046,"2014-09-12","Iowa",8.34,0.16,5.22,0.09,999.38
-93.214,42.0046,"2014-09-13","Iowa",9.09,0.22,4.55,1.04,998.7
-93.214,42.0046,"2014-09-14","Iowa",12.97,0.24,3.78,1.86,994.73
-93.214,42.0046,"2014-09-15","Iowa",12.96,0.22,6.16,1.06,992.47
-93.214,42.0046,"2014-09-16","Iowa",12.34,0.27,6.45,1.76,993
-93.214,42.0046,"2014-09-17","Iowa",15.02,0.27,7.56,2.03,987.46
-93.214,42.0046,"2014-09-18","Iowa",16.26,0.28,6.01,1.46,989.84
-93.214,42.0046,"2014-09-19","Iowa",18.49,0.22,3.33,8.62,987.17
-93.214,42.0046,"2014-09-20","Iowa",21.21,0.19,3.71,0.75,983.12
-93.214,42.0046,"2014-09-21","Iowa",14.95,0.13,3.15,0.11,989.76
-93.214,42.0046,"2014-09-22","Iowa",14.13,0.21,5.82,2.32,996.22
-93.214,42.0046,"2014-09-23","Iowa",15.78,0.25,4.8,1.96,995.88
-93.214,42.0046,"2014-09-24","Iowa",16.99,0.23,5.88,2.33,995.36
-93.214,42.0046,"2014-09-25","Iowa",19.38,0.29,7.27,1.52,994.47
-93.214,42.0046,"2014-09-26","Iowa",20.5,0.29,6.17,2.25,993.44
-93.214,42.0046,"2014-09-27","Iowa",20.72,0.29,5.83,1.57,992.95
-93.214,42.0046,"2014-09-28","Iowa",20.27,0.38,8.94,1.34,991.42
-93.214,42.0046,"2014-09-29","Iowa",19.89,0.35,9.46,0.39,988.09
-93.214,42.0046,"2014-09-30","Iowa",14.63,0.17,4.17,0.72,986.74
-93.214,42.0046,"2014-10-01","Iowa",16.33,0.23,5.82,3.58,982.66
-93.214,42.0046,"2014-10-02","Iowa",17.23,0.23,5.41,0.88,979.65
-93.214,42.0046,"2014-10-03","Iowa",8.77,0.11,2.32,0.09,982.46
-93.214,42.0046,"2014-10-04","Iowa",5.99,0.12,2.86,0.07,982.01
-93.214,42.0046,"2014-10-05","Iowa",9.36,0.2,4.84,0.3,977.23
-93.214,42.0046,"2014-10-06","Iowa",11.52,0.16,5.12,0.36,975.44
-93.214,42.0046,"2014-10-07","Iowa",13.71,0.15,5.99,0.22,979.06
-93.214,42.0046,"2014-10-08","Iowa",13.02,0.19,8.34,0.28,988.9
-93.214,42.0046,"2014-10-09","Iowa",12.16,0.19,6.56,0.21,991.42
-93.214,42.0046,"2014-10-10","Iowa",8.54,0.22,7.84,0.15,993.48
-93.214,42.0046,"2014-10-11","Iowa",8.39,0.28,7.2,1.03,993.29
-93.214,42.0046,"2014-10-12","Iowa",9.02,0.22,4.44,2.03,984.68
-93.214,42.0046,"2014-10-13","Iowa",13.14,0.21,4.15,0.95,976.24
-93.214,42.0046,"2014-10-14","Iowa",12.12,0.16,3.3,0.42,975.01
-93.214,42.0046,"2014-10-15","Iowa",11.67,0.17,6.61,0.18,983.18
-93.214,42.0046,"2014-10-16","Iowa",13.21,0.29,8,1.7,979.95
-93.214,42.0046,"2014-10-17","Iowa",11.67,0.14,3.21,0.14,981.83
-93.214,42.0046,"2014-10-18","Iowa",7.84,0.23,5.82,0.12,992.47
-93.214,42.0046,"2014-10-19","Iowa",10.14,0.25,4.82,0.37,989.15
-93.214,42.0046,"2014-10-20","Iowa",13.15,0.21,8.09,0.2,986.26
-93.214,42.0046,"2014-10-21","Iowa",9.98,0.24,7.55,0.33,992.71
-93.214,42.0046,"2014-10-22","Iowa",10.03,0.2,5.48,1.21,995.1
-93.214,42.0046,"2014-10-23","Iowa",11.75,0.28,8.3,4.25,990.11
-93.214,42.0046,"2014-10-24","Iowa",13.66,0.31,8.39,1.47,987.06
-93.214,42.0046,"2014-10-25","Iowa",14.6,0.27,10.66,0.24,988.18
-93.214,42.0046,"2014-10-26","Iowa",13.13,0.24,6.65,2.58,983.81
-93.214,42.0046,"2014-10-27","Iowa",18.29,0.2,6.68,3.34,974.95
-93.214,42.0046,"2014-10-28","Iowa",9.86,0.13,3.9,0.08,985.86
-93.214,42.0046,"2014-10-29","Iowa",6.36,0.2,7.85,0.09,991.54
-93.214,42.0046,"2014-10-30","Iowa",7.29,0.27,8.45,1.28,990.56
-93.214,42.0046,"2014-10-31","Iowa",2.13,0.15,5.97,0.13,999.52
-93.214,42.0046,"2014-11-01","Iowa",1.23,0.24,7.61,1.41,1000.79
-93.214,42.0046,"2014-11-02","Iowa",6.96,0.2,3.88,9.59,993.17
-93.214,42.0046,"2014-11-03","Iowa",12.94,0.19,4.14,7.44,986.03
-93.214,42.0046,"2014-11-04","Iowa",8.65,0.17,5.85,0.21,988.3
-93.214,42.0046,"2014-11-05","Iowa",8.83,0.2,6.25,1.04,987.84
-93.214,42.0046,"2014-11-06","Iowa",4.67,0.17,6.79,0.07,992.4
-93.214,42.0046,"2014-11-07","Iowa",4.4,0.24,8.17,4.82,987.5
-93.214,42.0046,"2014-11-08","Iowa",5.32,0.16,4.19,0.2,986.2
-93.214,42.0046,"2014-11-09","Iowa",7.11,0.24,7.34,1.77,981.07
-93.214,42.0046,"2014-11-10","Iowa",9.74,0.23,6.06,3.97,973.07
-93.214,42.0046,"2014-11-11","Iowa",-1.48,0.14,3.17,0.07,987.31
-93.214,42.0046,"2014-11-12","Iowa",-5.46,0.13,3.93,0.06,998.72
-93.214,42.0046,"2014-11-13","Iowa",-5.19,0.14,4.63,0.06,999.87
-93.214,42.0046,"2014-11-14","Iowa",-7.04,0.19,8.85,0.07,999.7
-93.214,42.0046,"2014-11-15","Iowa",-5.62,0.24,8.58,0.43,996.39
-93.214,42.0046,"2014-11-16","Iowa",-6.83,0.19,5.72,0.18,988.77
-93.214,42.0046,"2014-11-17","Iowa",-11.17,0.15,4.14,0.06,988.35
-93.214,42.0046,"2014-11-18","Iowa",-9.66,0.16,5.94,1.22,990.27
-93.214,42.0046,"2014-11-19","Iowa",-4.83,0.18,5.31,1.25,985.19
-93.214,42.0046,"2014-11-20","Iowa",-7.14,0.19,9.57,0.14,993.18
-93.214,42.0046,"2014-11-21","Iowa",-4.37,0.26,9.28,4.22,995.77
-93.214,42.0046,"2014-11-22","Iowa",7.02,0.21,5.11,4.55,982.73
-93.214,42.0046,"2014-11-23","Iowa",9.14,0.22,3.95,3.49,969.83
-93.214,42.0046,"2014-11-24","Iowa",-2.43,0.14,2.51,0.07,972.08
-93.214,42.0046,"2014-11-25","Iowa",-5.78,0.2,6.46,0.16,989.94
-93.214,42.0046,"2014-11-26","Iowa",-3.77,0.21,8.12,1.19,990.42
-93.214,42.0046,"2014-11-27","Iowa",-9.33,0.18,5.11,0.26,1000.58
-93.214,42.0046,"2014-11-28","Iowa",-3.21,0.21,6.98,2.34,986.67
-93.214,42.0046,"2014-11-29","Iowa",5.36,0.26,9.33,2.61,973.78
-93.214,42.0046,"2014-11-30","Iowa",-3.57,0.2,3.57,0.21,986.8
-93.214,42.0046,"2014-12-01","Iowa",-10.12,0.13,6.23,0.38,1007.16
-93.214,42.0046,"2014-12-02","Iowa",-5.46,0.21,9.53,1.6,993.73
-93.214,42.0046,"2014-12-03","Iowa",-3.08,0.22,10.08,0.4,995.81
-93.214,42.0046,"2014-12-04","Iowa",-1.98,0.22,8.99,2.45,995.98
-93.214,42.0046,"2014-12-05","Iowa",1.18,0.26,9.31,0.76,993.2
-93.214,42.0046,"2014-12-06","Iowa",0.41,0.24,9.35,0.26,1004.26
-93.214,42.0046,"2014-12-07","Iowa",-0.53,0.21,7.2,2.15,1000.79
-93.214,42.0046,"2014-12-08","Iowa",1.43,0.2,5.78,0.75,991.07
-93.214,42.0046,"2014-12-09","Iowa",-1.39,0.21,7.02,0.2,999.24
-93.214,42.0046,"2014-12-10","Iowa",-1.13,0.21,6.25,1.01,998.55
-93.214,42.0046,"2014-12-11","Iowa",-1.78,0.21,6.5,0.72,996.13
-93.214,42.0046,"2014-12-12","Iowa",1.33,0.25,8.94,0.49,996.02
-93.214,42.0046,"2014-12-13","Iowa",5.82,0.27,6.71,0.95,991.63
-93.214,42.0046,"2014-12-14","Iowa",9.4,0.21,4.46,2.23,986.45
-93.214,42.0046,"2014-12-15","Iowa",7.89,0.21,6.3,0.71,978.13
-93.214,42.0046,"2014-12-16","Iowa",-1.88,0.15,3.46,0.1,988
-93.214,42.0046,"2014-12-17","Iowa",-6.28,0.18,7.91,0.08,996.84
-93.214,42.0046,"2014-12-18","Iowa",-5.53,0.27,10.43,0.69,996.22
-93.214,42.0046,"2014-12-19","Iowa",-2.99,0.27,9.85,0.85,995.96
-93.214,42.0046,"2014-12-20","Iowa",-0.53,0.24,8.8,0.76,993.55
-93.214,42.0046,"2014-12-21","Iowa",2.68,0.2,5.27,3.41,986.83
-93.214,42.0046,"2014-12-22","Iowa",2.99,0.23,8.39,1.92,975.3
-93.214,42.0046,"2014-12-23","Iowa",3.41,0.22,6.62,0.46,975.27
-93.214,42.0046,"2014-12-24","Iowa",1.13,0.19,3.99,0.16,976.91
-93.214,42.0046,"2014-12-25","Iowa",3.13,0.18,3.08,4.82,981.24
-93.214,42.0046,"2014-12-26","Iowa",4.49,0.26,7.24,3.16,985.24
-93.214,42.0046,"2014-12-27","Iowa",-0.68,0.19,4.26,0.22,989.84
-93.214,42.0046,"2014-12-28","Iowa",-4.72,0.25,8.99,0.56,993.38
-93.214,42.0046,"2014-12-29","Iowa",-5.56,0.21,6.66,0.2,1000.4
-93.214,42.0046,"2014-12-30","Iowa",-13.82,0.19,5.14,0.27,1010.77
-93.214,42.0046,"2014-12-31","Iowa",-12.34,0.18,5.11,0.8,1001.25
-93.214,42.0046,"2014-02-16","Iowa",-5.34,0.21,5.99,1.08,990.97
-82.7755,40.3736,"2014-01-01","Ohio",0.39,0.31,16.68,2.39,996.17
-82.7755,40.3736,"2014-01-02","Ohio",-3.61,0.27,12.45,1.62,988.56
-82.7755,40.3736,"2014-01-03","Ohio",-9.7,0.28,15.91,2.3,1003.54
-82.7755,40.3736,"2014-01-04","Ohio",-3.81,0.31,18.7,3.37,995.54
-82.7755,40.3736,"2014-01-05","Ohio",1.98,0.36,23.34,2.21,983.46
-82.7755,40.3736,"2014-01-06","Ohio",-11.06,0.26,6.7,2.06,996.42
-82.7755,40.3736,"2014-01-07","Ohio",-16.33,0.28,8.8,2.43,1005.6
-82.7755,40.3736,"2014-01-08","Ohio",-6.98,0.29,18.67,3.78,1004.71
-82.7755,40.3736,"2014-01-09","Ohio",-0.75,0.34,23.26,3.11,1004.21
-82.7755,40.3736,"2014-01-10","Ohio",4.64,0.33,20.29,1.78,993.42
-82.7755,40.3736,"2014-01-11","Ohio",9.05,0.26,9.46,1.35,978.35
-82.7755,40.3736,"2014-01-12","Ohio",3.33,0.26,9.3,1.37,989.42
-82.7755,40.3736,"2014-01-13","Ohio",7.62,0.27,17.6,1.93,984.48
-82.7755,40.3736,"2014-01-14","Ohio",6.11,0.26,14.38,1.54,984.56
-82.7755,40.3736,"2014-01-15","Ohio",-0.41,0.25,9.95,1.43,991.1
-82.7755,40.3736,"2014-01-16","Ohio",-2.13,0.28,14.11,2.72,987.17
-82.7755,40.3736,"2014-01-17","Ohio",-0.63,0.27,15.19,1.73,986.94
-82.7755,40.3736,"2014-01-18","Ohio",-6.98,0.25,10.03,2.23,989.27
-82.7755,40.3736,"2014-01-19","Ohio",-0.88,0.26,9.78,2.9,985.65
-82.7755,40.3736,"2014-01-20","Ohio",1.87,0.28,15.8,2.52,984.67
-82.7755,40.3736,"2014-01-21","Ohio",-8.26,0.27,14.82,1.82,989.42
-82.7755,40.3736,"2014-01-22","Ohio",-12.83,0.31,21.07,2.65,994.54
-82.7755,40.3736,"2014-01-23","Ohio",-11.73,0.29,11.74,2.11,1003.94
-82.7755,40.3736,"2014-01-24","Ohio",-11.97,0.3,13.22,4.26,1002.48
-82.7755,40.3736,"2014-01-25","Ohio",-5.05,0.3,6.83,2.84,980.67
-82.7755,40.3736,"2014-01-26","Ohio",-5.23,0.31,16.88,3.15,980.83
-82.7755,40.3736,"2014-01-27","Ohio",-7.52,0.27,8.94,2.44,994.1
-82.7755,40.3736,"2014-01-28","Ohio",-15.96,0.28,20.66,2.84,1004.23
-82.7755,40.3736,"2014-01-29","Ohio",-12.46,0.29,26.89,3.01,1002
-82.7755,40.3736,"2014-01-30","Ohio",-6.44,0.31,21.06,4.65,995.23
-82.7755,40.3736,"2014-01-31","Ohio",2.59,0.29,23.49,4.48,993.5
-82.7755,40.3736,"2014-02-01","Ohio",6.23,0.34,24.25,3.32,989.23
-82.7755,40.3736,"2014-02-02","Ohio",2.09,0.28,11.15,1.26,992.44
-82.7755,40.3736,"2014-02-03","Ohio",-2.99,0.28,17.49,1.97,998.17
-82.7755,40.3736,"2014-02-04","Ohio",-3.72,0.35,24.94,2.74,996.65
-82.7755,40.3736,"2014-02-05","Ohio",-1.76,0.28,14.56,2.14,990.52
-82.7755,40.3736,"2014-02-06","Ohio",-6.02,0.29,17.06,1.97,1003
-82.7755,40.3736,"2014-02-07","Ohio",-9.33,0.29,22.06,2.95,1003.75
-82.7755,40.3736,"2014-02-08","Ohio",-7.81,0.34,27.04,4.94,998.92
-82.7755,40.3736,"2014-02-09","Ohio",-3.94,0.32,15.78,4.19,994.31
-82.7755,40.3736,"2014-02-10","Ohio",-7.88,0.31,22.35,2.58,1000.56
-82.7755,40.3736,"2014-02-11","Ohio",-10.63,0.35,29.6,1.87,1004.46
-82.7755,40.3736,"2014-02-12","Ohio",-7.57,0.47,37.41,4.77,996.48
-82.7755,40.3736,"2014-02-13","Ohio",-1.51,0.47,37.09,6.1,983.27
-82.7755,40.3736,"2014-02-14","Ohio",-0.37,0.32,19.95,3.49,979.65
-82.7755,40.3736,"2014-02-15","Ohio",-5.27,0.29,14.95,2.43,990.52
-82.7755,40.3736,"2014-02-16","Ohio",-6.51,0.38,18.78,2.81,993.92
-82.7755,40.3736,"2014-02-17","Ohio",-5.1,0.34,24.92,4.11,992.65
-82.7755,40.3736,"2014-02-18","Ohio",4.08,0.3,19.28,2.87,990.12
-82.7755,40.3736,"2014-02-19","Ohio",5.62,0.33,24.01,2.84,987.56
-82.7755,40.3736,"2014-02-20","Ohio",7.52,0.35,24.13,2.38,977.35
-82.7755,40.3736,"2014-02-21","Ohio",6.16,0.25,9.48,2.09,980.6
-82.7755,40.3736,"2014-02-22","Ohio",6.45,0.25,9.95,2.62,986.34
-82.7755,40.3736,"2014-02-23","Ohio",1.57,0.26,10.93,1.97,988.93
-82.7755,40.3736,"2014-02-24","Ohio",-2.87,0.25,8.79,1.09,992.98
-82.7755,40.3736,"2014-02-25","Ohio",-3.89,0.26,9.85,1.74,990.41
-82.7755,40.3736,"2014-02-26","Ohio",-7.34,0.26,10.16,1.73,987.16
-82.7755,40.3736,"2014-02-27","Ohio",-8.18,0.26,10.27,2.93,984.56
-82.7755,40.3736,"2014-02-28","Ohio",-7.84,0.31,21.05,2.22,991.93
-82.7755,40.3736,"2014-03-01","Ohio",2.26,0.33,21.17,4.3,990.51
-82.7755,40.3736,"2014-03-02","Ohio",-4.44,0.28,9.09,1.69,991.19
-82.7755,40.3736,"2014-03-03","Ohio",-10.74,0.27,12.78,2.07,997.06
-82.7755,40.3736,"2014-03-04","Ohio",-7.37,0.37,25.87,4.66,994.88
-82.7755,40.3736,"2014-03-05","Ohio",-4.34,0.33,23.23,4.13,994.86
-82.7755,40.3736,"2014-03-06","Ohio",-1.37,0.29,20.51,4.08,993.3
-82.7755,40.3736,"2014-03-07","Ohio",4.11,0.42,29.37,4.75,986.61
-82.7755,40.3736,"2014-03-08","Ohio",4.05,0.42,20.34,3.16,987.42
-82.7755,40.3736,"2014-03-09","Ohio",1.04,0.27,11.91,1.97,991.22
-82.7755,40.3736,"2014-03-10","Ohio",8.95,0.32,16.57,3.6,981.4
-82.7755,40.3736,"2014-03-11","Ohio",12.57,0.4,23.93,3.32,975.91
-82.7755,40.3736,"2014-03-12","Ohio",2.33,0.32,11.64,0.96,973.2
-82.7755,40.3736,"2014-03-13","Ohio",-5.02,0.32,10.7,1.59,990.06
-82.7755,40.3736,"2014-03-14","Ohio",8.63,0.31,11.57,2.94,983.86
-82.7755,40.3736,"2014-03-15","Ohio",7.21,0.26,8.89,1.35,987.19
-82.7755,40.3736,"2014-03-16","Ohio",-2.53,0.25,6.12,2.13,988.56
-82.7755,40.3736,"2014-03-17","Ohio",-1.09,0.33,16.75,3.16,982.85
-82.7755,40.3736,"2014-03-18","Ohio",5.43,0.44,20.68,2.3,983.42
-82.7755,40.3736,"2014-03-19","Ohio",8.19,0.37,12.06,1.56,981.55
-82.7755,40.3736,"2014-03-20","Ohio",4.67,0.34,11.62,1.11,987.83
-82.7755,40.3736,"2014-03-21","Ohio",6.47,0.34,19.06,2.03,984.83
-82.7755,40.3736,"2014-03-22","Ohio",7.51,0.29,8.52,1.33,987.09
-82.7755,40.3736,"2014-03-23","Ohio",-0.87,0.26,6.19,0.66,994.32
-82.7755,40.3736,"2014-03-24","Ohio",-2.87,0.3,16.93,1.92,994.12
-82.7755,40.3736,"2014-03-25","Ohio",-1.68,0.33,15.71,1.65,987.59
-82.7755,40.3736,"2014-03-26","Ohio",-3.51,0.28,14.31,1.34,995.19
-82.7755,40.3736,"2014-03-27","Ohio",4.97,0.32,16.66,2.77,987.27
-82.7755,40.3736,"2014-03-28","Ohio",11.4,0.31,10.11,1.72,984.39
-82.7755,40.3736,"2014-03-29","Ohio",4.23,0.3,8.14,0.99,985.46
-82.7755,40.3736,"2014-03-30","Ohio",3.47,0.29,10.36,1.09,991.06
-82.7755,40.3736,"2014-03-31","Ohio",7.63,0.49,27.88,3.57,990.62
-82.7755,40.3736,"2014-04-01","Ohio",14.47,0.27,14.16,2.84,985.69
-82.7755,40.3736,"2014-04-02","Ohio",10.32,0.28,17.7,1.62,989.06
-82.7755,40.3736,"2014-04-03","Ohio",10.79,0.29,19.37,1.43,981.88
-82.7755,40.3736,"2014-04-04","Ohio",12.52,0.27,10.26,1.04,977.57
-82.7755,40.3736,"2014-04-05","Ohio",4.94,0.28,9.06,1.46,990.57
-82.7755,40.3736,"2014-04-06","Ohio",7.04,0.4,16.69,2.17,988.75
-82.7755,40.3736,"2014-04-07","Ohio",9.76,0.31,19.14,1.72,973.79
-82.7755,40.3736,"2014-04-08","Ohio",10.02,0.26,12.05,1.99,977.13
-82.7755,40.3736,"2014-04-09","Ohio",9.01,0.27,16.21,1.37,985.79
-82.7755,40.3736,"2014-04-10","Ohio",14.35,0.34,15.57,3.07,985.68
-82.7755,40.3736,"2014-04-11","Ohio",14.6,0.31,18.02,1.6,987.14
-82.7755,40.3736,"2014-04-12","Ohio",16.21,0.33,18.05,2.49,987.28
-82.7755,40.3736,"2014-04-13","Ohio",21.5,0.26,7.94,2.77,982.56
-82.7755,40.3736,"2014-04-14","Ohio",18.13,0.28,7.08,2.35,977.05
-82.7755,40.3736,"2014-04-15","Ohio",1.91,0.27,10.27,0.98,986.99
-82.7755,40.3736,"2014-04-16","Ohio",1.97,0.29,18.06,1.53,935.32
-82.7755,40.3736,"2014-04-17","Ohio",11.15,0.3,19.29,2.94,867.5
-82.7755,40.3736,"2014-04-18","Ohio",13.24,0.37,27.36,2.63,959.59
-82.7755,40.3736,"2014-04-19","Ohio",11.99,0.29,12.38,2.23,994.33
-82.7755,40.3736,"2014-04-20","Ohio",14.5,0.34,18.95,2.8,992.62
-82.7755,40.3736,"2014-04-21","Ohio",17.54,0.42,21.44,4.63,986.58
-82.7755,40.3736,"2014-04-22","Ohio",14.68,0.27,9.78,1.2,983.37
-82.7755,40.3736,"2014-04-23","Ohio",7.94,0.26,12.25,0.85,990.15
-82.7755,40.3736,"2014-04-24","Ohio",10.16,0.28,19.05,2.64,987.69
-82.7755,40.3736,"2014-04-25","Ohio",12.19,0.3,18.93,1.64,979.87
-82.7755,40.3736,"2014-04-26","Ohio",14.43,0.27,12.45,1.76,983.87
-82.7755,40.3736,"2014-04-27","Ohio",12.32,0.25,7.28,1.88,985.22
-82.7755,40.3736,"2014-04-28","Ohio",13.04,0.27,14.61,1.34,978.77
-82.7755,40.3736,"2014-04-29","Ohio",15.47,0.24,9.98,0.81,976.46
-82.7755,40.3736,"2014-04-30","Ohio",13.62,0.26,13.61,0.89,980.47
-82.7755,40.3736,"2014-05-01","Ohio",12.03,0.25,8.25,1.16,982.63
-82.7755,40.3736,"2014-05-02","Ohio",11.36,0.24,8.76,1.04,982.92
-82.7755,40.3736,"2014-05-03","Ohio",13.16,0.24,9.42,1.49,982.11
-82.7755,40.3736,"2014-05-04","Ohio",14.26,0.24,8.29,1.42,985.41
-82.7755,40.3736,"2014-05-05","Ohio",10.57,0.26,15.62,1.95,984.4
-82.7755,40.3736,"2014-05-06","Ohio",14.16,0.27,14.4,3.1,984.52
-82.7755,40.3736,"2014-05-07","Ohio",18.37,0.27,18.74,2.83,985.37
-82.7755,40.3736,"2014-05-08","Ohio",22.48,0.26,14.63,3.08,987.78
-82.7755,40.3736,"2014-05-09","Ohio",21.46,0.25,11.99,3.37,984.63
-82.7755,40.3736,"2014-05-10","Ohio",17.52,0.26,10.02,1.61,985.87
-82.7755,40.3736,"2014-05-11","Ohio",19.33,0.26,8.75,1.89,988.7
-82.7755,40.3736,"2014-05-12","Ohio",21.63,0.25,12.19,1.56,988.46
-82.7755,40.3736,"2014-05-13","Ohio",24.08,0.25,11.39,1.88,988.23
-82.7755,40.3736,"2014-05-14","Ohio",19.86,0.27,12.98,1.17,986.55
-82.7755,40.3736,"2014-05-15","Ohio",14.77,0.25,9.04,0.71,984.06
-82.7755,40.3736,"2014-05-16","Ohio",9.25,0.28,12.67,0.88,986.92
-82.7755,40.3736,"2014-05-17","Ohio",9.04,0.28,10.52,1.03,991.29
-82.7755,40.3736,"2014-05-18","Ohio",11.24,0.32,12.95,1.37,995.18
-82.7755,40.3736,"2014-05-19","Ohio",13.41,0.36,19.82,2.73,994.7
-82.7755,40.3736,"2014-05-20","Ohio",18.62,0.29,19.49,2.47,988.13
-82.7755,40.3736,"2014-05-21","Ohio",20.68,0.26,15.48,2.37,985.39
-82.7755,40.3736,"2014-05-22","Ohio",20.14,0.26,12.12,1.06,986.86
-82.7755,40.3736,"2014-05-23","Ohio",15.69,0.26,12.8,1.04,990.18
-82.7755,40.3736,"2014-05-24","Ohio",17.03,0.31,15.84,1.77,995.67
-82.7755,40.3736,"2014-05-25","Ohio",18.78,0.36,15.31,3.47,995
-82.7755,40.3736,"2014-05-26","Ohio",21.52,0.33,12.92,2.68,993.29
-82.7755,40.3736,"2014-05-27","Ohio",23.79,0.25,12.85,1.76,986.79
-82.7755,40.3736,"2014-05-28","Ohio",21.76,0.26,13.77,1.41,986.59
-82.7755,40.3736,"2014-05-29","Ohio",19.78,0.27,13.88,1.07,988.26
-82.7755,40.3736,"2014-05-30","Ohio",20.39,0.26,14.55,1.73,990.37
-82.7755,40.3736,"2014-05-31","Ohio",20.79,0.28,13.64,1.73,991.83
-82.7755,40.3736,"2014-06-01","Ohio",22.57,0.26,10.56,2.02,990.37
-82.7755,40.3736,"2014-06-02","Ohio",23.53,0.27,8,1.79,988.86
-82.7755,40.3736,"2014-06-03","Ohio",24.07,0.25,9.23,1.58,985.91
-82.7755,40.3736,"2014-06-04","Ohio",19.32,0.29,15.55,1.27,980.9
-82.7755,40.3736,"2014-06-05","Ohio",17.86,0.27,11.91,1,983.28
-82.7755,40.3736,"2014-06-06","Ohio",18.49,0.31,18.91,2.02,986.41
-82.7755,40.3736,"2014-06-07","Ohio",20.21,0.34,17.83,2.38,985.59
-82.7755,40.3736,"2014-06-08","Ohio",19.26,0.27,11.44,1.15,981.52
-82.7755,40.3736,"2014-06-09","Ohio",18.45,0.27,15.24,0.95,985.05
-82.7755,40.3736,"2014-06-10","Ohio",19.67,0.27,17.68,1.07,982.58
-82.7755,40.3736,"2014-06-11","Ohio",21.14,0.25,10.16,1.28,980.07
-82.7755,40.3736,"2014-06-12","Ohio",21.92,0.25,11.98,1.19,981.29
-82.7755,40.3736,"2014-06-13","Ohio",19.83,0.25,12.07,1.22,983.94
-82.7755,40.3736,"2014-06-14","Ohio",17.27,0.25,10.93,0.89,989.93
-82.7755,40.3736,"2014-06-15","Ohio",20.78,0.27,10.73,2.01,989.24
-82.7755,40.3736,"2014-06-16","Ohio",24.11,0.27,16.47,3.01,990.33
-82.7755,40.3736,"2014-06-17","Ohio",26.53,0.28,12.15,1.86,988.73
-82.7755,40.3736,"2014-06-18","Ohio",26.42,0.26,12.42,1.36,988.43
-82.7755,40.3736,"2014-06-19","Ohio",22.73,0.26,13.16,1.52,988.94
-82.7755,40.3736,"2014-06-20","Ohio",22.42,0.3,13.88,1.52,986.3
-82.7755,40.3736,"2014-06-21","Ohio",21.74,0.28,9.1,0.64,984.29
-82.7755,40.3736,"2014-06-22","Ohio",22.57,0.29,9.18,1.98,983.96
-82.7755,40.3736,"2014-06-23","Ohio",24.6,0.28,12.97,2.23,984.39
-82.7755,40.3736,"2014-06-24","Ohio",24.66,0.25,10.72,1.5,984.43
-82.7755,40.3736,"2014-06-25","Ohio",22.62,0.24,11.15,0.74,984.75
-82.7755,40.3736,"2014-06-26","Ohio",22.84,0.27,13.68,0.8,987.19
-82.7755,40.3736,"2014-06-27","Ohio",23.89,0.31,16.37,1.39,988.68
-82.7755,40.3736,"2014-06-28","Ohio",24.6,0.35,11.36,1.97,990.35
-82.7755,40.3736,"2014-06-29","Ohio",24.77,0.25,5.56,1.87,989.3
-82.7755,40.3736,"2014-06-30","Ohio",25.35,0.25,8.55,1.66,985.26
-82.7755,40.3736,"2014-07-01","Ohio",26.63,0.25,9.32,2.35,981.41
-82.7755,40.3736,"2014-07-02","Ohio",24.72,0.25,10.02,1.38,984.21
-82.7755,40.3736,"2014-07-03","Ohio",20.86,0.24,9.32,1.13,988.63
-82.7755,40.3736,"2014-07-04","Ohio",19.12,0.25,8.65,0.7,994.27
-82.7755,40.3736,"2014-07-05","Ohio",19.54,0.29,11.98,2.2,994.49
-82.7755,40.3736,"2014-07-06","Ohio",21.57,0.29,11.01,2.31,987.56
-82.7755,40.3736,"2014-07-07","Ohio",25.09,0.28,8.73,1.98,982.34
-82.7755,40.3736,"2014-07-08","Ohio",24.29,0.26,9,1.44,980.45
-82.7755,40.3736,"2014-07-09","Ohio",22.96,0.26,11.97,1.61,984.76
-82.7755,40.3736,"2014-07-10","Ohio",21.98,0.27,14.69,0.98,989.66
-82.7755,40.3736,"2014-07-11","Ohio",22.94,0.29,17.5,1.35,992.35
-82.7755,40.3736,"2014-07-12","Ohio",24.6,0.33,16.26,2.39,990.69
-82.7755,40.3736,"2014-07-13","Ohio",25.58,0.26,8.58,2.31,985.56
-82.7755,40.3736,"2014-07-14","Ohio",23.48,0.28,11.02,1.16,982.71
-82.7755,40.3736,"2014-07-15","Ohio",21.08,0.25,8.09,1.44,982.69
-82.7755,40.3736,"2014-07-16","Ohio",17.5,0.25,10.37,1.42,986.05
-82.7755,40.3736,"2014-07-17","Ohio",18.56,0.27,14.69,1.42,989.72
-82.7755,40.3736,"2014-07-18","Ohio",19.26,0.3,17.71,1.67,991.8
-82.7755,40.3736,"2014-07-19","Ohio",19.34,0.25,11.33,0.74,989.03
-82.7755,40.3736,"2014-07-20","Ohio",21.7,0.26,9.01,1.1,988.29
-82.7755,40.3736,"2014-07-21","Ohio",24.01,0.3,15.99,1.73,989.52
-82.7755,40.3736,"2014-07-22","Ohio",26.04,0.29,16.44,2.47,989.08
-82.7755,40.3736,"2014-07-23","Ohio",23.64,0.25,12.56,1.12,986.79
-82.7755,40.3736,"2014-07-24","Ohio",19.66,0.24,9.2,1.06,987.75
-82.7755,40.3736,"2014-07-25","Ohio",19.42,0.27,14.45,2.02,988.09
-82.7755,40.3736,"2014-07-26","Ohio",22.8,0.27,11.64,1.82,984.56
-82.7755,40.3736,"2014-07-27","Ohio",22.46,0.25,6.78,0.84,980.03
-82.7755,40.3736,"2014-07-28","Ohio",18.18,0.26,6.26,0.65,983.79
-82.7755,40.3736,"2014-07-29","Ohio",16.66,0.27,9.13,0.96,987.73
-82.7755,40.3736,"2014-07-30","Ohio",18.31,0.29,13.19,1.12,988.35
-82.7755,40.3736,"2014-07-31","Ohio",20.85,0.3,15.84,1.33,989.27
-82.7755,40.3736,"2014-08-01","Ohio",22.13,0.38,18.09,1.25,989.53
-82.7755,40.3736,"2014-08-02","Ohio",20.89,0.32,12.6,1.22,989.66
-82.7755,40.3736,"2014-08-03","Ohio",21.06,0.31,12.43,0.98,990.57
-82.7755,40.3736,"2014-08-04","Ohio",22.44,0.39,20.55,2.18,989.96
-82.7755,40.3736,"2014-08-05","Ohio",22.07,0.41,19.46,1.93,988.16
-82.7755,40.3736,"2014-08-06","Ohio",22.12,0.3,13.49,1,986.64
-82.7755,40.3736,"2014-08-07","Ohio",20.28,0.3,12.86,1.31,988.82
-82.7755,40.3736,"2014-08-08","Ohio",20.41,0.3,11.94,1.21,988.57
-82.7755,40.3736,"2014-08-09","Ohio",21.83,0.3,8.56,1.47,990.9
-82.7755,40.3736,"2014-08-10","Ohio",23.58,0.28,6.5,1.54,989.96
-82.7755,40.3736,"2014-08-11","Ohio",22.37,0.26,8.72,1.14,981.98
-82.7755,40.3736,"2014-08-12","Ohio",21.47,0.26,9.58,0.99,981.26
-82.7755,40.3736,"2014-08-13","Ohio",19.16,0.28,9.3,1.1,986.54
-82.7755,40.3736,"2014-08-14","Ohio",18.58,0.29,11.15,1.11,987.06
-82.7755,40.3736,"2014-08-15","Ohio",17.07,0.3,15.11,1.6,987.62
-82.7755,40.3736,"2014-08-16","Ohio",19.34,0.34,13.19,1.79,986.72
-82.7755,40.3736,"2014-08-17","Ohio",22.08,0.28,7.02,1,985.38
-82.7755,40.3736,"2014-08-18","Ohio",22.83,0.3,10.62,1.14,981.33
-82.7755,40.3736,"2014-08-19","Ohio",23.71,0.3,12.76,1.54,981.3
-82.7755,40.3736,"2014-08-20","Ohio",22.69,0.26,13.15,1.23,984.49
-82.7755,40.3736,"2014-08-21","Ohio",22.59,0.29,14.5,1.17,988.12
-82.7755,40.3736,"2014-08-22","Ohio",23.7,0.28,13.14,1.19,986.31
-82.7755,40.3736,"2014-08-23","Ohio",23.79,0.28,8.52,0.78,986.25
-82.7755,40.3736,"2014-08-24","Ohio",23.64,0.26,6.18,0.9,987.02
-82.7755,40.3736,"2014-08-25","Ohio",23.38,0.28,13.41,1.56,989.12
-82.7755,40.3736,"2014-08-26","Ohio",23.59,0.28,15.01,2.55,990.41
-82.7755,40.3736,"2014-08-27","Ohio",23.97,0.28,13.1,1.26,989.1
-82.7755,40.3736,"2014-08-28","Ohio",20.29,0.26,10.44,1.17,989.37
-82.7755,40.3736,"2014-08-29","Ohio",20.84,0.29,12.86,1.54,988.81
-82.7755,40.3736,"2014-08-30","Ohio",24.56,0.28,8.73,2.13,988.32
-82.7755,40.3736,"2014-08-31","Ohio",23.12,0.23,4.87,1.14,987.94
-82.7755,40.3736,"2014-09-01","Ohio",24.48,0.22,3.97,1.38,986.2
-82.7755,40.3736,"2014-09-02","Ohio",23.09,0.24,11.66,1.68,985.75
-82.7755,40.3736,"2014-09-03","Ohio",22.64,0.3,14.99,1.74,988.72
-82.7755,40.3736,"2014-09-04","Ohio",24.02,0.33,14.26,2.07,989.69
-82.7755,40.3736,"2014-09-05","Ohio",25.7,0.27,10.58,2.65,989.56
-82.7755,40.3736,"2014-09-06","Ohio",21.17,0.25,7.52,0.82,988.53
-82.7755,40.3736,"2014-09-07","Ohio",17.86,0.27,7.25,1.15,992.01
-82.7755,40.3736,"2014-09-08","Ohio",19.92,0.28,12.59,1.3,989.65
-82.7755,40.3736,"2014-09-09","Ohio",21.63,0.3,17.16,1.7,988.32
-82.7755,40.3736,"2014-09-10","Ohio",23.35,0.27,10.52,1.27,983.23
-82.7755,40.3736,"2014-09-11","Ohio",18.5,0.26,7.45,0.72,986.91
-82.7755,40.3736,"2014-09-12","Ohio",14.68,0.26,8,0.82,992.43
-82.7755,40.3736,"2014-09-13","Ohio",13.99,0.25,6.61,0.68,994.48
-82.7755,40.3736,"2014-09-14","Ohio",12.9,0.29,9.31,1.4,995.16
-82.7755,40.3736,"2014-09-15","Ohio",14.67,0.35,15.63,1.64,991.82
-82.7755,40.3736,"2014-09-16","Ohio",14.52,0.3,13.95,0.71,990.76
-82.7755,40.3736,"2014-09-17","Ohio",14.19,0.36,17.82,1.36,987.76
-82.7755,40.3736,"2014-09-18","Ohio",15.51,0.36,15.93,1.53,988.95
-82.7755,40.3736,"2014-09-19","Ohio",16.54,0.32,15.94,1.26,991.11
-82.7755,40.3736,"2014-09-20","Ohio",20.9,0.33,10.54,1.87,987.86
-82.7755,40.3736,"2014-09-21","Ohio",20.21,0.25,4.39,1.05,983.02
-82.7755,40.3736,"2014-09-22","Ohio",12.36,0.27,9.41,0.71,992.84
-82.7755,40.3736,"2014-09-23","Ohio",13.51,0.34,16.6,1.27,996.89
-82.7755,40.3736,"2014-09-24","Ohio",16.58,0.28,18.13,1.2,997.68
-82.7755,40.3736,"2014-09-25","Ohio",17.47,0.34,19.38,1.32,995.61
-82.7755,40.3736,"2014-09-26","Ohio",18.38,0.31,17.58,1.24,994.28
-82.7755,40.3736,"2014-09-27","Ohio",18.23,0.3,13.6,1.29,993.56
-82.7755,40.3736,"2014-09-28","Ohio",18.23,0.34,16.38,1.93,990.98
-82.7755,40.3736,"2014-09-29","Ohio",19.2,0.42,19.76,1.88,986.63
-82.7755,40.3736,"2014-09-30","Ohio",16.38,0.32,17.34,1.02,984.79
-82.7755,40.3736,"2014-10-01","Ohio",15.94,0.29,15.52,1.61,987.26
-82.7755,40.3736,"2014-10-02","Ohio",19.03,0.33,15.11,2.17,986.14
-82.7755,40.3736,"2014-10-03","Ohio",17.85,0.24,8.31,1.23,978.45
-82.7755,40.3736,"2014-10-04","Ohio",7.97,0.23,4.72,1.54,981.59
-82.7755,40.3736,"2014-10-05","Ohio",9.28,0.23,6.64,1.54,981.84
-82.7755,40.3736,"2014-10-06","Ohio",12.73,0.26,12.47,1.48,979.62
-82.7755,40.3736,"2014-10-07","Ohio",13.14,0.27,15.79,0.92,981.65
-82.7755,40.3736,"2014-10-08","Ohio",13.5,0.27,14.5,1.1,987.74
-82.7755,40.3736,"2014-10-09","Ohio",10.83,0.34,21.94,1.33,990.58
-82.7755,40.3736,"2014-10-10","Ohio",10.94,0.38,15.79,1.08,989.17
-82.7755,40.3736,"2014-10-11","Ohio",10.67,0.26,9.26,0.89,991.08
-82.7755,40.3736,"2014-10-12","Ohio",11.82,0.3,8.87,1.49,989.3
-82.7755,40.3736,"2014-10-13","Ohio",18.68,0.32,9.74,1.06,985.42
-82.7755,40.3736,"2014-10-14","Ohio",19.37,0.31,9.14,1.28,977.19
-82.7755,40.3736,"2014-10-15","Ohio",14.47,0.39,12.05,0.76,979.32
-82.7755,40.3736,"2014-10-16","Ohio",13.65,0.35,12.57,0.89,980.03
-82.7755,40.3736,"2014-10-17","Ohio",15.63,0.32,8.7,1.27,978.59
-82.7755,40.3736,"2014-10-18","Ohio",10.13,0.25,5.48,0.51,985.71
-82.7755,40.3736,"2014-10-19","Ohio",8.59,0.25,9.41,1.14,991.87
-82.7755,40.3736,"2014-10-20","Ohio",10.84,0.34,16.33,1.97,984.52
-82.7755,40.3736,"2014-10-21","Ohio",9.98,0.34,9.32,0.51,987.24
-82.7755,40.3736,"2014-10-22","Ohio",9.05,0.34,10.61,0.57,994.87
-82.7755,40.3736,"2014-10-23","Ohio",9.92,0.41,17.42,1.06,993.02
-82.7755,40.3736,"2014-10-24","Ohio",10.23,0.54,23.23,2.76,989.51
-82.7755,40.3736,"2014-10-25","Ohio",14.28,0.35,14.9,2.39,985.63
-82.7755,40.3736,"2014-10-26","Ohio",12.11,0.34,13.31,1.99,986.06
-82.7755,40.3736,"2014-10-27","Ohio",14.76,0.42,18.12,2.59,984.42
-82.7755,40.3736,"2014-10-28","Ohio",18.68,0.32,11.39,1.92,985.17
-82.7755,40.3736,"2014-10-29","Ohio",10.59,0.3,12.02,1.28,989.04
-82.7755,40.3736,"2014-10-30","Ohio",7.19,0.33,14.37,1.36,990.57
-82.7755,40.3736,"2014-10-31","Ohio",6.18,0.47,14.2,0.87,985.63
-82.7755,40.3736,"2014-11-01","Ohio",3.71,0.28,5.64,0.38,992.77
-82.7755,40.3736,"2014-11-02","Ohio",3.34,0.35,12.63,1.13,999.52
-82.7755,40.3736,"2014-11-03","Ohio",8.09,0.43,18.63,2.66,996.18
-82.7755,40.3736,"2014-11-04","Ohio",13.58,0.39,12.62,2.84,991.5
-82.7755,40.3736,"2014-11-05","Ohio",10.46,0.41,15.38,1.2,992.18
-82.7755,40.3736,"2014-11-06","Ohio",8.39,0.46,12.47,0.68,984.13
-82.7755,40.3736,"2014-11-07","Ohio",3.83,0.39,12.88,0.8,990.04
-82.7755,40.3736,"2014-11-08","Ohio",5.22,0.3,10.06,1.94,984.14
-82.7755,40.3736,"2014-11-09","Ohio",7.14,0.25,8.8,1.29,986.04
-82.7755,40.3736,"2014-11-10","Ohio",10.33,0.39,15.43,3.31,983.94
-82.7755,40.3736,"2014-11-11","Ohio",12.97,0.33,11.15,2.28,982.44
-82.7755,40.3736,"2014-11-12","Ohio",3.17,0.26,9.22,0.71,993.53
-82.7755,40.3736,"2014-11-13","Ohio",-0.69,0.26,10.14,0.7,994.79
-82.7755,40.3736,"2014-11-14","Ohio",-2.56,0.3,12.92,0.55,997.55
-82.7755,40.3736,"2014-11-15","Ohio",-1.73,0.36,16.65,1.47,998.13
-82.7755,40.3736,"2014-11-16","Ohio",1.13,0.33,14.92,2.11,989.51
-82.7755,40.3736,"2014-11-17","Ohio",-1.74,0.33,14.13,0.77,982.86
-82.7755,40.3736,"2014-11-18","Ohio",-8.33,0.24,9.24,0.9,992.67
-82.7755,40.3736,"2014-11-19","Ohio",-2.96,0.27,13.27,1.98,988.39
-82.7755,40.3736,"2014-11-20","Ohio",-2.79,0.26,9.98,1.17,990.76
-82.7755,40.3736,"2014-11-21","Ohio",-4.79,0.31,19.44,1.57,1000.85
-82.7755,40.3736,"2014-11-22","Ohio",2.56,0.3,19.18,2.14,993.69
-82.7755,40.3736,"2014-11-23","Ohio",11.29,0.26,11.09,1.79,979.35
-82.7755,40.3736,"2014-11-24","Ohio",12.77,0.24,5.04,0.98,972.19
-82.7755,40.3736,"2014-11-25","Ohio",3.15,0.26,9.7,0.9,989.1
-82.7755,40.3736,"2014-11-26","Ohio",0.41,0.29,13.74,1.68,989.14
-82.7755,40.3736,"2014-11-27","Ohio",-0.48,0.25,7.97,1,994.29
-82.7755,40.3736,"2014-11-28","Ohio",-2.22,0.25,9.09,1.44,995.87
-82.7755,40.3736,"2014-11-29","Ohio",5.41,0.26,9.73,2.39,985.6
-82.7755,40.3736,"2014-11-30","Ohio",15,0.24,5.54,2.69,985.8
-82.7755,40.3736,"2014-12-01","Ohio",4.1,0.31,10.12,0.66,998.8
-82.7755,40.3736,"2014-12-02","Ohio",0.2,0.34,14.59,1.14,995.23
-82.7755,40.3736,"2014-12-03","Ohio",2.32,0.34,14.42,1.12,994.96
-82.7755,40.3736,"2014-12-04","Ohio",-0.02,0.49,22.93,1.07,998.3
-82.7755,40.3736,"2014-12-05","Ohio",3.78,0.51,18.25,1.48,993.17
-82.7755,40.3736,"2014-12-06","Ohio",4.69,0.35,10.68,0.9,994.78
-82.7755,40.3736,"2014-12-07","Ohio",1.36,0.32,9.38,1.77,1003.26
-82.7755,40.3736,"2014-12-08","Ohio",3.53,0.37,15.04,2.59,993.57
-82.7755,40.3736,"2014-12-09","Ohio",3.88,0.4,12.8,1.15,990.81
-82.7755,40.3736,"2014-12-10","Ohio",0.64,0.29,8.72,0.7,993.48
-82.7755,40.3736,"2014-12-11","Ohio",-0.62,0.28,11.52,1.67,992.88
-82.7755,40.3736,"2014-12-12","Ohio",-1.03,0.3,15.23,1.57,995.73
-82.7755,40.3736,"2014-12-13","Ohio",1.69,0.29,12.47,1.07,994.48
-82.7755,40.3736,"2014-12-14","Ohio",6.11,0.28,13.35,1.03,991.8
-82.7755,40.3736,"2014-12-15","Ohio",6.81,0.32,17.75,1.69,986.01
-82.7755,40.3736,"2014-12-16","Ohio",6.75,0.25,10.95,1.02,982.42
-82.7755,40.3736,"2014-12-17","Ohio",0.65,0.23,7.54,0.92,993.05
-82.7755,40.3736,"2014-12-18","Ohio",-1.93,0.25,12.98,0.88,994.42
-82.7755,40.3736,"2014-12-19","Ohio",-1.54,0.27,12.93,1.11,995.32
-82.7755,40.3736,"2014-12-20","Ohio",-1.1,0.27,13.26,3.1,995.41
-82.7755,40.3736,"2014-12-21","Ohio",-0.98,0.31,13.81,1.85,994.28
-82.7755,40.3736,"2014-12-22","Ohio",2.58,0.37,19.12,2.44,984.14
-82.7755,40.3736,"2014-12-23","Ohio",9.09,0.37,17.11,1.25,979.13
-82.7755,40.3736,"2014-12-24","Ohio",10.77,0.3,10.36,1.05,972.41
-82.7755,40.3736,"2014-12-25","Ohio",3.74,0.23,4.93,0.71,988.15
-82.7755,40.3736,"2014-12-26","Ohio",4.41,0.29,13.77,1.47,993.35
-82.7755,40.3736,"2014-12-27","Ohio",7.94,0.28,12.61,2.07,991.2
-82.7755,40.3736,"2014-12-28","Ohio",3.19,0.24,6.81,0.71,990.41
-82.7755,40.3736,"2014-12-29","Ohio",-0.22,0.27,14.02,1.05,994.87
-82.7755,40.3736,"2014-12-30","Ohio",-3.09,0.27,14.83,1.5,1002.05
-82.7755,40.3736,"2014-12-31","Ohio",-5.76,0.24,10.26,1.14,1001.52
